nombre,artista,id_artista,año,genero
Just the Way You Are,Bruno Mars,0du5cEVh5yTK9QJze8zA0C,2010,Desconocido
Angels Cry,Mariah Carey,4iHNK0tOyZPYnBU7nGAgpQ,2010,christmas
Only Girl (In The World),Rihanna,5pKCCKE2ajJHZ9KAiaK11H,2010,Desconocido
The Real Slim Shady - Edited,Eminem,7dGJo4pcD2V6oG8kP0tJRR,2010,rap
The Spins,Mac Miller,4LLpKhyESsyAXpc4laK94U,2010,Desconocido
Smooth Criminal,Michael Jackson,3fMbdgg4jU18AjLCKBhRSm,2010,Desconocido
S&M,Rihanna,5pKCCKE2ajJHZ9KAiaK11H,2010,Desconocido
Estuve a punto de - Entrevista,Miguel Bosé,7mWCSSOYqm4E9mB7V4ot6S,2010,latin pop
DJ Got Us Fallin' In Love (feat. Pitbull),USHER,23zg3TcAtWQy7J6upgbUnj,2010,r&b
Alice,Avril Lavigne,0p4nmQO2msCgU4IF37Wi3j,2010,Desconocido
Marry You,Bruno Mars,0du5cEVh5yTK9QJze8zA0C,2010,Desconocido
Let You Go,Chase & Status,3jNkaOXasoc7RsxdchvEVq,2010,drum and bass
Runaway,Kanye West,5K4W6rqBFWDnAN6FQUkS6x,2010,rap
Eu Sou O Samba - Live From Brazil/2010,Alexandre Pires,0Rrl4hJQjRAbGtiEwAqS5N,2010,pagode
Love The Way You Lie,Eminem,7dGJo4pcD2V6oG8kP0tJRR,2010,rap
Find Your Love - Extended Version,Drake,3TVXtAsR1Inumwj472S9r4,2010,rap
"Hey, Soul Sister",Train,3FUY2gzHeIiaesXtOAdB7A,2010,soft pop
The Fear,Lily Allen,13saZpZnCDWOI9D4IJhp1f,2010,Desconocido
Grenade,Bruno Mars,0du5cEVh5yTK9QJze8zA0C,2010,Desconocido
Guess I'm Doing Fine,Bob Dylan,74ASZWbe4lXaubB36ztrGX,2010,folk rock
Memories (feat. Kid Cudi),David Guetta,1Cs0zKBU1kc0i8ypK3B9ai,2010,edm
Politik Kills,Manu Chao,6wH6iStAh4KIaWfuhf0NYM,2010,latin alternative
What You Know,Two Door Cinema Club,536BYVgOnRky0xjsPT96zl,2010,indie
The Beautiful People - From Burlesque,Christina Aguilera,1l7ZsJRRS8wlW3WfJfPfNS,2010,Desconocido
Last Friday Night (T.G.I.F.),Katy Perry,6jJ0s89eD6GaHleKKya26X,2010,pop
Teenage Dream,Katy Perry,6jJ0s89eD6GaHleKKya26X,2010,pop
All Of The Lights,Kanye West,5K4W6rqBFWDnAN6FQUkS6x,2010,rap
Journey To Regionals Performance,Glee Cast,0SCbttzoZTnLFebDYmAWCm,2010,christmas
TiK ToK,Kesha,6LqNN22kT3074XbTVUrhzX,2010,Desconocido
I Wanna Be Free - Short Edit,Voltaj,42gT1APXU1oJyVU2zZ3McB,2010,Desconocido
Sure Thing,Miguel,360IAlyVv4PCEVjgyMZrxK,2010,r&b
Chelsea Smile (Live in Mexico City),Bring Me The Horizon,1Ffb6ejR6Fe5IamqA5oRUF,2010,metalcore
"Moves Like Jagger - Studio Recording From ""The Voice"" Performance",Maroon 5,04gDigrS5kc9YWfZHwBETP,2010,pop
Mau Tapi Malu (with Maía),Gita Gutawa,4V1Io5SwSO4CwaUbgLMYvz,2010,indonesian pop
Je te laisserai des mots,Patrick Watson,7bPs6jf983f0bjRAt1yxDM,2010,Desconocido
Bad,Michael Jackson,3fMbdgg4jU18AjLCKBhRSm,2010,Desconocido
Sexy Bitch (feat. Akon),David Guetta,1Cs0zKBU1kc0i8ypK3B9ai,2010,edm
Alface - Ao vivo,Adriana Partimpim,3Tm1aSSPoM8fTDoYmWJt4t,2010,mpb
Cooler Than Me - Single Mix,Mike Posner,2KsP6tYLJlTBvSUxnwlVWa,2010,Desconocido
Desce A Madeira - Ao Vivo,Parangolé,2v5eqze59fqRes2e5QVGhf,2010,pagode baiano
POWER,Kanye West,5K4W6rqBFWDnAN6FQUkS6x,2010,rap
Wees Maar Niet Bang,Guus Meeuwis,72qVrKXRp9GeFQOesj0Pmv,2010,nederpop
Talking to the Moon,Bruno Mars,0du5cEVh5yTK9QJze8zA0C,2010,Desconocido
Come Together,Michael Jackson,3fMbdgg4jU18AjLCKBhRSm,2010,Desconocido
Club Can't Handle Me (feat. David Guetta),Flo Rida,0jnsk9HBra6NMjO2oANoPY,2010,Desconocido
Speed Demon,Michael Jackson,3fMbdgg4jU18AjLCKBhRSm,2010,Desconocido
Raise Your Glass,P!nk,1KCSPY1glIKqW2TotWuXOR,2010,Desconocido
I've Come To Life,Edita,2CmCfAPJTWv8KQCs16s1RO,2010,Desconocido
Just Can’t Get Enough,Black Eyed Peas,1yxSLGMDHlW21z4YXirZDS,2010,Desconocido
Gorillaz: Journey to Plastic Beach,Gorillaz,3AA28KZvwAUcZuOKwyblJQ,2010,Desconocido
Give Me Everything (feat. Nayer),Pitbull,0TnOYISbd1XYRBk9myaseg,2011,Desconocido
Plastic Dreams 2003,JayDee,7KPJmQFgSlaOCgTzccTA01,2011,Desconocido
Titanium (feat. Sia),David Guetta,1Cs0zKBU1kc0i8ypK3B9ai,2011,edm
Ballada o Janku Wisniewskim,Kazik,21gNCgi8Mt4VjkvxchTQJk,2011,Desconocido
Someone Like You,Adele,4dpARuHxo51G3z768sgnrY,2011,soft pop
Eu Aposto - Ao Vivo,Eduardo Costa,2OUgs5INWK2UEvZ6amWiJr,2011,sertanejo
Champagne Coast,Blood Orange,6LEeAFiJF8OuPx747e1wxR,2011,art pop
Marry The Night,Lady Gaga,1HY2Jd0NmPuamShAr6KMms,2011,art pop
We Found Love,Rihanna,5pKCCKE2ajJHZ9KAiaK11H,2011,Desconocido
¿Qué sería?,David Cavazos,1dsX2yN51RAijy5uceP5dA,2011,bolero
Somebody That I Used To Know,Gotye,2AsusXITU8P25dlRNhcAbG,2011,Desconocido
たいせつな光 （なでしこver.）,fumika,4FPhimiDlyEUsTSMWAUrhG,2011,anime
Levels - Radio Edit,Avicii,1vCWHaC5f2uS3yhpwWbIA6,2011,edm
Del sur,Vargas Blues Band,3K6ueahyMBq96ZtDjo9LSn,2011,blues
Pumped Up Kicks,Foster The People,7gP3bB2nilZXLfPHJhMdvc,2011,Desconocido
Die Zeit hält nur in Träumen an (Song),Peter Maffay,5W3s4beu23rOlseCbVOp4l,2011,schlager
Paradise,Coldplay,4gzpq5DPGxSnKTe4SA8HAU,2011,Desconocido
Run the World (Girls),Beyoncé,6vWDO969PvNqNYHIOW5v0m,2011,Desconocido
Set Fire to the Rain,Adele,4dpARuHxo51G3z768sgnrY,2011,soft pop
No hay mañanas,Revolver,2SAPkzCWSR5iX7dE4hVcqB,2011,Desconocido
Rolling in the Deep,Adele,4dpARuHxo51G3z768sgnrY,2011,soft pop
High Tide Or Low Tide: Save The Children's East Africa Fund,Bob Marley & The Wailers,2QsynagSdAqZj3U9HgDzjD,2011,reggae
Les,Childish Gambino,73sIBHcqh3Z3NyqHKZ7FOL,2011,Desconocido
Malam,Stereosoul,0ya5AesBm6CQeV4jJ0la0i,2011,Desconocido
Novacane,Frank Ocean,2h93pZq0e7k5yf4dywlkpM,2011,Desconocido
"Crawling - Live from the iTunes Festival at the Roundhouse, London, England, 7/4/2011",Linkin Park,6XyY86QOPPrYVGvF9ch6wz,2011,nu metal
International Love (feat. Chris Brown),Pitbull,0TnOYISbd1XYRBk9myaseg,2011,Desconocido
Train Of Love - Early Demo from Cash Bootleg Vol. II,Johnny Cash,6kACVPfCOnqzgfEF5ryl0x,2011,country
Heartbeat,Childish Gambino,73sIBHcqh3Z3NyqHKZ7FOL,2011,Desconocido
"Black and Yellow (feat. Juicy J, Snoop Dogg & T-Pain)",Wiz Khalifa,137W8MRPWKqSmrBGDBFSop,2011,rap
Midnight City,M83,63MQldklfxkjYDoUE4Tppz,2011,Desconocido
Shipping Steel - Live at Manly Vale Hotel 1980,Cold Chisel,1VcbchGlIfo3Gylxc3F076,2011,Desconocido
Spectrum (Say My Name) - Calvin Harris Remix,Florence + The Machine,1moxjboGR7GNWYIMWsRjgG,2011,baroque pop
Like A Rolling Stone (from Winterland),Jimi Hendrix,776Uo845nYHJpNaStv1Ds4,2011,psychedelic rock
Ni**as In Paris,JAY-Z,3nFkdlSjzX9mRTtwJOzDYB,2011,hip hop
Хэндз ап!,Basta,7as5DY4Rz9jac9tgoTrj9H,2011,Desconocido
Work Out,J. Cole,6l3HvQ5sa6mXTsMTB19rO5,2011,rap
Quiero aire,Revolver,2SAPkzCWSR5iX7dE4hVcqB,2011,Desconocido
Headlines,Drake,3TVXtAsR1Inumwj472S9r4,2011,rap
Vespro della Beata Vergine: Laetatus Sum - Sonata sopra Sancta Maria - Pulchra Es - Dixit Dominus,Claudio Monteverdi,5iAhVgz6P8Nylxijb0C65v,2011,classical
No Church In The Wild,JAY-Z,3nFkdlSjzX9mRTtwJOzDYB,2011,hip hop
Soñé - Live,Zoé,6IdtcAwaNVAggwd6sCKgTI,2011,rock en español
Domino,Jessie J,2gsggkzM5R49q6jpPvazou,2011,Desconocido
Problemas,Ana Carolina,4HP9KltldfmkH2M2pQozzN,2011,mpb
On The Floor,Jennifer Lopez,2DlGxzQSjYe5N6G9nkYghR,2011,Desconocido
World of Glory with JOE INOUE,TOTALFAT,2Bxu9stwgeIGzYeTNRicKE,2011,melodic hardcore
Shake It Out,Florence + The Machine,1moxjboGR7GNWYIMWsRjgG,2011,baroque pop
Tonight (I'm F****** You),Enrique Iglesias,7qG3b048QCHVRO5Pv1T5lw,2011,latin pop
Galway Girl,Mundy,5KxKApyBL5ZQaz7bAvGaHR,2011,Desconocido
La Mané - Version Mexico,CantaJuego,1A4041ctH86ZE5rFqr0Poe,2011,lullaby
Timber,Pitbull,0TnOYISbd1XYRBk9myaseg,2012,Desconocido
Thoda Thoda,Shreya Ghoshal,0oOet2f43PA68X5RxKobEy,2012,bollywood
Can't Hold Us (feat. Ray Dalton),Macklemore,3JhNCzhSMTxs9WLGJJxWOY,2012,Desconocido
Bede Z Toba,Lemon,3GqZI2mcDNtrVB8pRP61Tu,2012,post-disco
Locked out of Heaven,Bruno Mars,0du5cEVh5yTK9QJze8zA0C,2012,Desconocido
"Pani Da Rang (From ""Vicky Donor"") - Male Vocals",Abhishek - Akshay,3hbbfkU5rc1rhxiaE18JQg,2012,Desconocido
Ho Hey,The Lumineers,16oZKvXb6WkQlVAjwo2Wbg,2012,folk pop
Let Me Love You (Until You Learn To Love Yourself) - Director's Cut (Explicit),Ne-Yo,21E3waRsmPlU7jZsS13rcj,2012,Desconocido
Money Trees,Kendrick Lamar,2YZyLoL8N0Wb9xBt1NhZWg,2012,hip hop
Lågsus (feat. Medina),Specktors,36Na2YYP8im6qQJBZu2fsa,2012,Desconocido
Stubborn Love,The Lumineers,16oZKvXb6WkQlVAjwo2Wbg,2012,folk pop
Hardkor i disko,Sofa,27JQGGtjn9Czzx34UHoxMP,2012,post-rock
Little Talks,Of Monsters and Men,4dwdTW1Lfiq0cM8nBAqIIz,2012,folk pop
Losing You,Revolver,2SAPkzCWSR5iX7dE4hVcqB,2012,Desconocido
Lost,Frank Ocean,2h93pZq0e7k5yf4dywlkpM,2012,Desconocido
"Rum Whisky (From ""Vicky Donor"")",Abhishek - Akshay,3hbbfkU5rc1rhxiaE18JQg,2012,Desconocido
Drive By,Train,3FUY2gzHeIiaesXtOAdB7A,2012,soft pop
Magia - Intro,Maluma,1r4hJ1h58CWwUQe3MxPuau,2012,reggaeton
Feel So Close - Radio Edit,Calvin Harris,7CajNmpbOovFoOoasH2HaY,2012,edm
Wind Song,Revolver,2SAPkzCWSR5iX7dE4hVcqB,2012,Desconocido
When I Was Your Man,Bruno Mars,0du5cEVh5yTK9QJze8zA0C,2012,Desconocido
Guiding Light,Mark Wonder,7bVL3LNPkn7Lqbt0JSVQSu,2012,reggae
Video Games,Lana Del Rey,00FQb4jTyendYWaN8pK0wa,2012,Desconocido
"He Touched Me - Live At Majestic Theatre, San Antonio, TX/2009",Gaither Vocal Band,0pjLiK5qb4Zr0PWRNkdd2o,2012,southern gospel
I Will Wait,Mumford & Sons,3gd8FJtBJtkRxdfbTu19U2,2012,folk
Ayaş Kalsın Sizlere / Ekin Ektim Düzlere,Mehmet Demirtaş,7fS4b00IU7XxRQZzJL6c7W,2012,oyun havasi
Hall of Fame (feat. will.i.am),The Script,3AQRLZ9PuTAozP28Skbq8V,2012,Desconocido
Love In Any Language - Live,Bill & Gloria Gaither,11sAWrpIkFUPQlXoQqpeBV,2012,southern gospel
Stay,Rihanna,5pKCCKE2ajJHZ9KAiaK11H,2012,Desconocido
The Sick Note,The Dubliners,72RvmgEg2omdlMV9aExO6a,2012,celtic
Thinkin Bout You,Frank Ocean,2h93pZq0e7k5yf4dywlkpM,2012,Desconocido
Serpentyny i mydlane bańki,Sofa,27JQGGtjn9Czzx34UHoxMP,2012,post-rock
Call Me Maybe,Carly Rae Jepsen,6sFIWsNpZYqfjUpaCgueju,2012,Desconocido
"Diamonds On The Soles Of Her Shoes - from The African Concert, 1987",Paul Simon,2CvCyf1gEVhI0mX6aFXmVI,2012,singer-songwriter
Summertime Sadness,Lana Del Rey,00FQb4jTyendYWaN8pK0wa,2012,Desconocido
Magic (feat. T.I.),Future,1RyvyyTE3xzB2ZywiAwp0i,2012,rap
Demons,Imagine Dragons,53XhwfbYqKCa1cC15pYq2q,2012,Desconocido
アルタイル,秦 基博 meets 坂道のアポロン,6zbJYUN1FfUnEUAJpLHwCD,2012,soundtrack
Classic,MKTO,2l35CQqtYRh3d8ZIiBep4v,2012,Desconocido
Така ми говори,Kali,0j4z7kUnuRChYom1rytlQY,2012,Desconocido
Wild Ones (feat. Sia),Flo Rida,0jnsk9HBra6NMjO2oANoPY,2012,Desconocido
When We Don't Exist Reissue (Learn Your Place),Like Moths To Flames,6RRpZz1uPqY9E28kmSPAhw,2012,metalcore
Starships,Nicki Minaj,0hCNtLu0JehylgoiP8L4Gh,2012,Desconocido
I Love It (feat. Charli XCX),Icona Pop,1VBflYyxBhnDc9uVib98rw,2012,Desconocido
Try,P!nk,1KCSPY1glIKqW2TotWuXOR,2012,Desconocido
"Arráncame - Directo - Ven, siéntate y me lo cuentas ...",Vanesa Martín,5kSJMVPcTITrSZxTrHllVN,2012,flamenco pop
Feel This Moment (feat. Christina Aguilera),Pitbull,0TnOYISbd1XYRBk9myaseg,2012,Desconocido
HYFR (Hell Ya F***ing Right),Drake,3TVXtAsR1Inumwj472S9r4,2012,rap
What Makes You Beautiful,One Direction,4AK6F7OLvEQ5QYCBNiQWHq,2012,Desconocido
Bleeding Hearts Club,P.O.S,4sH7SLGP6BLOYDtcP6Lm47,2012,experimental hip hop
Wake Me Up,Avicii,1vCWHaC5f2uS3yhpwWbIA6,2013,edm
Bede Z Toba - Hangout Live,Lemon,3GqZI2mcDNtrVB8pRP61Tu,2013,post-disco
Another Love,Tom Odell,2txHhyCwHjUEpJjWrEyqyX,2013,Desconocido
Byłem (feat. As),Pezet,4z93wkjfGntA0XFqnv4wj7,2013,Desconocido
Story of My Life,One Direction,4AK6F7OLvEQ5QYCBNiQWHq,2013,Desconocido
My Love a Piece of My Love (feat. Snoop Dogg),Abel The Kid,1jFW8Qk6mMFADyD1dbiry2,2013,Desconocido
LoveHate Thing (feat. Sam Dew),Wale,67nwj3Y5sZQLl72VNUHEYE,2013,Desconocido
25 ปี (มีหวัง),พงษ์สิทธิ์ คำภีร์,0lEc37ck2MW2K9L8wV7QpP,2013,phleng phuea chiwit
I Wanna Be Yours,Arctic Monkeys,7Ln80lUS6He07XvHI8qqHH,2013,indie
Red Light (feat. Snoop Lion),Eddie Murphy,1Zq8pfBl4ejCMrWdeAdphc,2013,comedy
Counting Stars,OneRepublic,5Pwc4xIPtQLFEnJriah9YJ,2013,soft pop
Cups (Pitch Perfect’s “When I’m Gone”) - Director's Cut / Closed-Captioned,Anna Kendrick,6xfqnpe2HnLVUaYXs2F8YS,2013,children's music
Do I Wanna Know?,Arctic Monkeys,7Ln80lUS6He07XvHI8qqHH,2013,indie
Tantinho - Ao Vivo,Daniel,2wwWukJBsCikjlj7vlbQkM,2013,sertanejo tradicional
Sweater Weather,The Neighbourhood,77SW9BnxLY8rJ0RciFqkHh,2013,Desconocido
San Pedro - Enjoy,Revolver,2SAPkzCWSR5iX7dE4hVcqB,2013,Desconocido
No. 1 Party Anthem,Arctic Monkeys,7Ln80lUS6He07XvHI8qqHH,2013,indie
Nice,Lemon,3GqZI2mcDNtrVB8pRP61Tu,2013,post-disco
Latch,Disclosure,6nS5roXSAGhTGr34W6n7Et,2013,house
"Es lo que es, hay lo que hay - Enjoy",Revolver,2SAPkzCWSR5iX7dE4hVcqB,2013,Desconocido
Young And Beautiful,Lana Del Rey,00FQb4jTyendYWaN8pK0wa,2013,Desconocido
Heart-Shaped Box - Director's Cut,Nirvana,6olE6TJLqED3rqDCT0FyPh,2013,grunge
All of Me,John Legend,5y2Xq6xcjJb2jVM54GHK3t,2013,soft pop
Stormy Wagner (Live),Apocalyptica,4Lm0pUvmisUHMdoky5ch2I,2013,symphonic metal
Stolen Dance,Milky Chance,1hzfo8twXdOegF3xireCYs,2013,Desconocido
Tú y yo - Enjoy,Revolver,2SAPkzCWSR5iX7dE4hVcqB,2013,Desconocido
Why'd You Only Call Me When You're High?,Arctic Monkeys,7Ln80lUS6He07XvHI8qqHH,2013,indie
Wrecking Ball - Director's Cut,Miley Cyrus,5YGY8feqx7naU7z4HrwZM6,2013,Desconocido
Bound 2,Kanye West,5K4W6rqBFWDnAN6FQUkS6x,2013,rap
Girls,Santigold,6Jrxnp0JgqmeUX1veU591p,2013,Desconocido
Pompeii,Bastille,7EQ0qTo7fWT7DPxmxtSYEc,2013,Desconocido
Rock mi,voXXclub,1MTZLkTHs5s3jUV5ezuSIu,2013,schlager
Ribs,Lorde,163tK9Wjr9P9DmM0AVK7lm,2013,Desconocido
เมื่อไหร่จะได้พบเธอ,เต้ ภูริต ภิรมย์ภักดี,50Oc6oBw5HK4iSn03rf5un,2013,thai pop
Hey Brother,Avicii,1vCWHaC5f2uS3yhpwWbIA6,2013,edm
Estou Apaixonado (Estoy Enamorado) - Ao Vivo,Daniel,2wwWukJBsCikjlj7vlbQkM,2013,sertanejo tradicional
La La La,Naughty Boy,1bT7m67vi78r2oqvxrP3X5,2013,Desconocido
"Hello, My Name Is - Live",Matthew West,6e8OTLDQpaz1Tl2GEaxsNj,2013,christian
Cigarette Daydreams,Cage The Elephant,26T3LtbuGT1Fu9m0eRq5X3,2013,modern rock
Dos Por Dos - (con Miguel Rios)Enjoy,Revolver,2SAPkzCWSR5iX7dE4hVcqB,2013,Desconocido
Let Her Go,Passenger,0gadJ2b9A4SKsB1RFkBb66,2013,folk pop
No va más - Enjoy,Revolver,2SAPkzCWSR5iX7dE4hVcqB,2013,Desconocido
Still into You,Paramore,74XFHRwlV6OrjEM0A2NCMF,2013,pop punk
Si no hubiera que correr - Enjoy,Revolver,2SAPkzCWSR5iX7dE4hVcqB,2013,Desconocido
All I Want,Kodaline,4BxCuXFJrSWGi1KHcVqaU4,2013,Desconocido
Tierra baldía - Enjoy,Revolver,2SAPkzCWSR5iX7dE4hVcqB,2013,Desconocido
i was all over her,salvia palth,0pg0Zm8FsGAYy5kdHuBnSo,2013,slowcore
ใจเอย,สน ยุกต์,5W5jAowtGGqwzcr8DacSiS,2013,thai pop
I Love It (feat. Charli XCX),Icona Pop,1VBflYyxBhnDc9uVib98rw,2013,Desconocido
Invisibili,Ape Escape,1NAHhp8bXPXpygZRqRdt2i,2013,jungle
A Sky Full of Stars,Coldplay,4gzpq5DPGxSnKTe4SA8HAU,2014,Desconocido
"Cheri Cheri Lady (Peters Pop-Show 30.11.1985) - Live from Peters Pop Show, 1985",Modern Talking,79bxUQsBIXO8nVLB9fYKf7,2014,italo disco
Take Me To Church,Hozier,2FXC3k01G6Gw61bmprjgqS,2014,Desconocido
"You Can Win If You Want (Wetten, dass...? 18.05.1985) - Live from Wetten, dass...?, 1985",Modern Talking,79bxUQsBIXO8nVLB9fYKf7,2014,italo disco
Do I Wanna Know? - Live At the BBC,Hozier,2FXC3k01G6Gw61bmprjgqS,2014,Desconocido
"Atlantis Is Calling (Na, sowas! 17.05.1986) - Live from Na, sowas!, 1986",Modern Talking,79bxUQsBIXO8nVLB9fYKf7,2014,italo disco
Someone New,Hozier,2FXC3k01G6Gw61bmprjgqS,2014,Desconocido
"Geronimo's Cadillac (Peters Pop-Show 06.12.1986) - Live from Peters Pop-Show, 1986",Modern Talking,79bxUQsBIXO8nVLB9fYKf7,2014,italo disco
Shut Up and Dance,WALK THE MOON,6DIS6PRrLS3wbnZsf7vYic,2014,Desconocido
"You Are Not Alone (Wetten, dass...? 20.02.1999) - Live from Wetten, dass...?, 1999",Modern Talking,79bxUQsBIXO8nVLB9fYKf7,2014,italo disco
Work Song,Hozier,2FXC3k01G6Gw61bmprjgqS,2014,Desconocido
Iré tras de ti,Mr.,5yocZHV4puj9QHb4xAXAtL,2014,cantopop
Budapest,George Ezra,2ysnwxxNtSgbb9t1m2Ur4j,2014,Desconocido
Il fait chaud,Patrick Sébastien,6EnaTzKZRHzVO1Meqoh1hJ,2014,chanson
Night Changes,One Direction,4AK6F7OLvEQ5QYCBNiQWHq,2014,Desconocido
G.U.Y. - An ARTPOP Film,Lady Gaga,1HY2Jd0NmPuamShAr6KMms,2014,art pop
No Role Modelz,J. Cole,6l3HvQ5sa6mXTsMTB19rO5,2014,rap
Fragile (Director's Cut),Tech N9ne,6UBA15slIuadJ8h2lPRPos,2014,horrorcore
Time of Our Lives,Pitbull,0TnOYISbd1XYRBk9myaseg,2014,Desconocido
Smile,Abel The Kid,1jFW8Qk6mMFADyD1dbiry2,2014,Desconocido
From Eden,Hozier,2FXC3k01G6Gw61bmprjgqS,2014,Desconocido
"Heaven Will Know (Peters Pop-Show 30.11.1985) - Live from Peters Pop Show, 1985",Modern Talking,79bxUQsBIXO8nVLB9fYKf7,2014,italo disco
Lovers Rock,TV Girl,0Y6dVaC9DZtPNH4591M42W,2014,Desconocido
好不好,Evan Yo,7JY6f7uRdLtKSHbHlQXduV,2014,mandopop
Photograph,Ed Sheeran,6eUKZXaKkcviH0Ku9w2n3V,2014,soft pop
Welcome to the Black Parade - Outtake Version,My Chemical Romance,7FBcuc1gsnv6Y1nwFtNRCb,2014,emo
Riptide,Vance Joy,10exVja0key0uqUkk6LJRT,2014,folk pop
Live Forever,Oasis,2DaxqgrOhkeH0fpeiQq2f4,2014,britpop
My Love,Route 94,1dgdvbogmctybPrGEcnYf6,2014,house
"Muskurane (Film Version) [From ""Citylights""]",Jeet Gannguli,2kkQthS9OLpK4UqNWYqoVl,2014,bangla pop
Summer,Calvin Harris,7CajNmpbOovFoOoasH2HaY,2014,edm
"Cloud 9 - From ""Cloud 9"" / Original TV Movie Soundtrack",Dove Cameron,2W8yFh0Ga6Yf3jiayVxwkE,2014,Desconocido
The Nights,Avicii,1vCWHaC5f2uS3yhpwWbIA6,2014,edm
Kruhy,Lipo,1EYzuEr3XibJHhM7k60C7Y,2014,Desconocido
Blame It on Me,George Ezra,2ysnwxxNtSgbb9t1m2Ur4j,2014,Desconocido
Magie / 24H,Kurdo,1yIifIA91WgmfzBcjbQB8i,2014,german hip hop
Waves - Robin Schulz Radio Edit,Mr. Probz,33W1pnW9zScZtYTnAoWnOT,2014,Desconocido
Addicted To You - Live,Avicii,1vCWHaC5f2uS3yhpwWbIA6,2014,edm
Fireball (feat. John Ryan),Pitbull,0TnOYISbd1XYRBk9myaseg,2014,Desconocido
All By Myself (ZDF Tele-Illustrierte 17.01.1989) - VOD,Peter Hofmann,4efGIkUGWK4Z4LvG9XKULG,2014,opera
One Last Time,Ariana Grande,66CXWjxzNUsdJxJ2JdwvnR,2014,pop
Main Chick REMIX (feat. Chris Brown & Tyga),Kid Ink,6KZDXtSj0SzGOV705nNeh3,2014,Desconocido
Outside (feat. Ellie Goulding),Calvin Harris,7CajNmpbOovFoOoasH2HaY,2014,edm
My Girl (feat. Trevor Jackson),Diggy,2LuUALONla8DJRSCiGONBp,2014,Desconocido
Shake It Off,Taylor Swift,06HL4z0CvFAxyc27GXpf02,2014,Desconocido
"You're My Heart, You're My Soul (ZDF Tele-Illustrierte 02.01.1985) - Live from ZDF Tele-Illustrierte, 1985",Modern Talking,79bxUQsBIXO8nVLB9fYKf7,2014,italo disco
Wet Dreamz,J. Cole,6l3HvQ5sa6mXTsMTB19rO5,2014,rap
"Verlieben, verloren, vergessen, verzeih'n (ZDF Länderjournal 31.03.1992) - VOD",Wolfgang Petry,0JLbfIT1Z20raMAVYWtCD7,2014,schlager
Riptide,Vance Joy,10exVja0key0uqUkk6LJRT,2014,folk pop
White Crime,Lil Dicky,1tqhsYv8yBBdwANFNzHtcr,2014,Desconocido
The Night We Met,Lord Huron,6ltzsmQQbmdoHHbLZ4ZN25,2015,Desconocido
言葉のいらない約束,sana,5vsQrdvs38LX8DmUmLUiwb,2015,Desconocido
"White Noise Sleeping Aid to Help My Baby Fall Asleep, Sleep Through the Night",White Noise Baby Sleep,4W12lEvVl5wectUtRNrvDh,2015,Desconocido
Дождь (feat. МакSим),Geegun,5W7N6u4EjCEMKj7bDyzPEC,2015,Desconocido
Tennessee Whiskey,Chris Stapleton,4YLtscXsxbVgi031ovDDdh,2015,country
你和我的時光,A-Mei Chang,6noxsCszBEEK04kCehugOp,2015,mandopop
The Less I Know The Better,Tame Impala,5INjqkS1o8h1imAzPqGZBb,2015,indie
ONE FOR YOU into the world,Alisa Takigawa,6fvp9HPqOxcYd7PgyKPF4e,2015,anime
Hold Back The River,James Bay,4EzkuveR9pLvDVFNx6foYD,2015,Desconocido
Wenn du nicht mehr da bist (ZDF Disco 22.11.1982),Rex Gildo,1bgbFPzGjOOXdvg9XKWe39,2015,schlager
Adventure of a Lifetime,Coldplay,4gzpq5DPGxSnKTe4SA8HAU,2015,Desconocido
"Deine Freundin - Live In Berlin, Germany / 2014",SDP,1EfwyuCzDQpCslZc8C9gkG,2015,german pop
Let It Go,James Bay,4EzkuveR9pLvDVFNx6foYD,2015,Desconocido
On & Off,Fem Fel,61NJMGxlvjOHmWCuJn13sc,2015,Desconocido
Uptown Funk (feat. Bruno Mars),Mark Ronson,3hv9jJF3adDNsBSIQDqcjp,2015,Desconocido
"Igor Levit über ""Bach, Beethoven, Rzewski""",Frederic Rzewski,1kt7FN4DSyZUkiSMRx0XE8,2015,avant-garde
When We Were Young,Adele,4dpARuHxo51G3z768sgnrY,2015,soft pop
The Florian Trilogy (Cloud Rider - Mothertrucker - Feed Your Head),Paul Kalkbrenner,0rasA5Z5h1ITtHelCpfu9R,2015,minimal techno
Cheerleader (Felix Jaehn Remix) - Radio Edit,OMI,5MouCg6ta7zAxsfMEbc1uh,2015,Desconocido
How Long Has This Been Going On EPK,Van Morrison,44NX2ffIYHr6D4n7RaZF7A,2015,Desconocido
Hymn for the Weekend,Coldplay,4gzpq5DPGxSnKTe4SA8HAU,2015,Desconocido
"Acte I, Athos ""Les 3 Mousquetaires""",Les 3 mousquetaires,0HRGajTZLkDHtBzkalLKW6,2015,french pop
Waiting For Love,Avicii,1vCWHaC5f2uS3yhpwWbIA6,2015,edm
Rasta Freedom,Naptali,4UyRfsWJwORMVCcWqw3Nov,2015,reggae
FourFiveSeconds,Rihanna,5pKCCKE2ajJHZ9KAiaK11H,2015,Desconocido
When The Whip Comes Down - Live,The Rolling Stones,22bE4uQ6baNwSHPVcDxLCe,2015,classic rock
Love Yourself,Justin Bieber,1uNFoZAHBGtllmzznpCI3s,2015,Desconocido
"Piano Concerto No. 2 in C Minor, Op. 18 (Excerpt)",Sergei Rachmaninoff,0Kekt6CKSo0m5mivKcoH51,2015,classical
Again,Fetty Wap,6PXS4YHDkKvl1wkIl4V8DL,2015,Desconocido
Richter: Dream 13 (minus even) - Radio Edit,Max Richter,2VZNmg4vCnew4Pavo8zDdW,2015,neoclassical
Alright,Kendrick Lamar,2YZyLoL8N0Wb9xBt1NhZWg,2015,hip hop
Światła drogowe - Piosenki dla dzieci,Centrum Uśmiechu,3ex29VTrLC0wmJJWaJDzzt,2015,children's music
Love In The Dark,Adele,4dpARuHxo51G3z768sgnrY,2015,soft pop
Ubi Caritas (Live) - Abbey Road x Decca Classics Sessions,Ola Gjeilo,29lbSb4ujaVH5pHnQjFT0G,2015,choral
Sorry,Justin Bieber,1uNFoZAHBGtllmzznpCI3s,2015,Desconocido
9 Shots,50 Cent,3q7HBObVc0L8jNeTe5Gofh,2015,east coast hip hop
Daddy Issues,The Neighbourhood,77SW9BnxLY8rJ0RciFqkHh,2015,Desconocido
Smooth Sailin' - Live,Leon Bridges,3qnGvpP8Yth1AqSBMqON5x,2015,retro soul
Stitches,Shawn Mendes,7n2wHs1TKAczGzO7Dd2rGr,2015,pop
Au revoir (ZDF-Fernsehgarten 7.12.2014) - VOD,Mark Forster,7qXzy6c5RWT0XlVQcOBIDG,2015,german pop
Payphone,Maroon 5,04gDigrS5kc9YWfZHwBETP,2015,pop
Cava Cava Parte 2 (feat. Don Pixote),Edi Rock,2fYAyTS2erZgqEHKHYqgi2,2015,brazilian hip hop
"Everyday (feat. Rod Stewart, Miguel & Mark Ronson)",A$AP Rocky,13ubrt8QOOCPljQ2FL1Kca,2015,rap
Flash mich (ZDF-Fernsehgarten 7.12.2014) - VOD,Mark Forster,7qXzy6c5RWT0XlVQcOBIDG,2015,german pop
What Do You Mean?,Justin Bieber,1uNFoZAHBGtllmzznpCI3s,2015,Desconocido
Cry in the Rain,Ain't No Love,45pMDC55lqAwQ0j8KMU20l,2015,Desconocido
The Hills,The Weeknd,1Xyo4u8uXC1ZmMpatF05PJ,2015,Desconocido
Freibierotto (ZDF-Fernsehgarten 21.09.2014) - VOD,Dorfrocker,5jvJoybRSHYAlPYyz6cnOd,2015,schlagerparty
King,Olly Alexander (Years & Years),5vBSrE1xujD2FXYRarbAXc,2015,Desconocido
Shockwave Supernova - On Peregrine Wings (teaser),Joe Satriani,2yzxX2DI9LFK8VFTyW2zZ8,2015,Desconocido
White Ferrari,Frank Ocean,2h93pZq0e7k5yf4dywlkpM,2016,Desconocido
"Ee Khalbitha (From ""IDI"")",Rahul Raj,4kbWDG96QZ2HkyVl9l1EmL,2016,mollywood
Pink + White,Frank Ocean,2h93pZq0e7k5yf4dywlkpM,2016,Desconocido
Milion słów,Jula,4rgBQ3VAi6oBXB33OfkG3c,2016,disco polo
One Dance,Drake,3TVXtAsR1Inumwj472S9r4,2016,rap
God Is Gangsta,Kendrick Lamar,2YZyLoL8N0Wb9xBt1NhZWg,2016,hip hop
Ivy,Frank Ocean,2h93pZq0e7k5yf4dywlkpM,2016,Desconocido
Cliff's Edge,Hayley Kiyoko,3LjhVl7GzYsza1biQjTpaN,2016,Desconocido
Ophelia,The Lumineers,16oZKvXb6WkQlVAjwo2Wbg,2016,folk pop
M A N I A,The Weeknd,1Xyo4u8uXC1ZmMpatF05PJ,2016,Desconocido
Love On The Brain,Rihanna,5pKCCKE2ajJHZ9KAiaK11H,2016,Desconocido
Von Heinz zu Heinz (Folge 2: NDW),Heinz Rudolf Kunze,77DQHftPzPyCoqSDjdHDxJ,2016,neue deutsche welle
Into You,Ariana Grande,66CXWjxzNUsdJxJ2JdwvnR,2016,pop
Famous,Kanye West,5K4W6rqBFWDnAN6FQUkS6x,2016,rap
Starboy,The Weeknd,1Xyo4u8uXC1ZmMpatF05PJ,2016,Desconocido
Dancing On My Own - 1 Mic 1 Take,Calum Scott,6ydoSd3N2mwgwBHtF6K7eX,2016,soft pop
That's What I Like,Bruno Mars,0du5cEVh5yTK9QJze8zA0C,2016,Desconocido
Tabarnak,Volo,4FArNa27sFKE9jn64eB29C,2016,chanson
Closer,The Chainsmokers,69GGBxA162lTqCwzJG5jLp,2016,Desconocido
Любовь-наркоз (feat. Стас Михайлов),Geegun,5W7N6u4EjCEMKj7bDyzPEC,2016,Desconocido
Cigarettes out the Window,TV Girl,0Y6dVaC9DZtPNH4591M42W,2016,Desconocido
Blow Your Mind (Mwah) - BRITs 2017 Critics Choice Session,Dua Lipa,6M2wZ9GZgrQXHCFfjv46we,2016,pop
Real Love Baby,Father John Misty,2kGBy2WHvF0VdZyqiVCkDT,2016,chamber pop
FIRE,BTS,3Nrfpe0tUJi4K4DXYWgMUX,2016,k-pop
Say You Won't Let Go,James Arthur,4IWBUUAFIplrNtaOHcJPRM,2016,soft pop
Bad Things,MGK,0jn47ZZH4HhX8JIGJUWSr0,2016,Desconocido
Unstoppable,Sia,5WUlDfRSoLAfcVSX1WnrxN,2016,Desconocido
"Technicolour Beat - Live At The Pool, London",Oh Wonder,5cIc3SBFuBLVxJz58W2tU9,2016,Desconocido
You're Welcome,Dwayne Johnson,1T8S48bD91THNKBByWBDyn,2016,Desconocido
Wake Up (A Fashion Film),DAWN,4pMR7nP5TU2AmaBiXpQPUW,2016,Desconocido
I Took A Pill In Ibiza - Seeb Remix,Mike Posner,2KsP6tYLJlTBvSUxnwlVWa,2016,Desconocido
Euthanasia - Live,Adam French,3bKSSHfw4sQ9YCjJe1V1c5,2016,Desconocido
Father Stretch My Hands Pt. 1,Kanye West,5K4W6rqBFWDnAN6FQUkS6x,2016,rap
Wenn du mich suchst - Filtr Sessions,Jördis Tielsch,7EMBsP1yAGkfqjNYRJsvLE,2016,german pop
Not Allowed,TV Girl,0Y6dVaC9DZtPNH4591M42W,2016,Desconocido
Why Don't You Bring Me Flowers?,Roxette,2SHhfs4BiDxGQ3oxqf0UHY,2016,Desconocido
goosebumps,Travis Scott,0Y5tJX1MQlPlqiwlOH1tJY,2016,rap
Egal (feat. Louis Held),LINA,3YPpKFZGAT0O8SJca2Aaj8,2016,german pop
Greenlight (feat. Flo Rida & LunchMoney Lewis),Pitbull,0TnOYISbd1XYRBk9myaseg,2016,Desconocido
Cold Little Heart - Live Session,Michael Kiwanuka,0bzfPKdbXL5ezYW2z3UGQj,2016,soul
Redbone,Childish Gambino,73sIBHcqh3Z3NyqHKZ7FOL,2016,Desconocido
Babylon,DJ Zet,6BgfcZBGkrq9yIrYTrUneA,2016,moombahton
Low Life (feat. The Weeknd),Future,1RyvyyTE3xzB2ZywiAwp0i,2016,rap
這是最後一次,R-chord,5XkrVVn0lQIVPkH55nbTgZ,2016,mandopop
Let Me Love You,DJ Snake,540vIaP2JwjQb9dm3aArA4,2016,Desconocido
Last Christmas (Pudding Remix) [Official Video],Wham!,5lpH0xAS4fVfLkACg9DAuM,2016,christmas
Are You With Me,Lost Frequencies,7f5Zgnp2spUuuzKplmRkt7,2016,tropical house
Traditional: The Lost Songs Of St. Kilda: Hirta,Traditional,1U5zgr455OGyIkLNXvDdrf,2016,medieval
Never Be Like You,Flume,6nxWCVXbOlEVRexSbLsTer,2016,future bass
女孩妳知道嗎,R-chord,5XkrVVn0lQIVPkH55nbTgZ,2016,mandopop
See You Again (feat. Kali Uchis),"Tyler, The Creator",4V8LLVI7PbaPR0K2TGSxFF,2017,Desconocido
I'm Better (feat. Lamb),Missy Elliott,2wIVse2owClT7go1WT98tk,2017,hip hop
Brazil,Declan McKenna,2D4FOOOtWycb3Aw9nY5n3c,2017,Desconocido
Hate to Love (feat. Jamie T),Beatsteaks,79qRD2IfSr3pmuYUficMWX,2017,Desconocido
HUMBLE.,Kendrick Lamar,2YZyLoL8N0Wb9xBt1NhZWg,2017,hip hop
Matador (feat. Tommy),CAPO,5y9wg9qkGBl0n9v9RzaPKu,2017,german hip hop
Something Just Like This,The Chainsmokers,69GGBxA162lTqCwzJG5jLp,2017,Desconocido
Pictures of You,Sonny Smith,5nr3ZvVzCvk4P5kPr5hJ0X,2017,Desconocido
Evergreen,Richy Mitch & The Coal Miners,4qU7IJSReZnsLy5907Mtau,2017,Desconocido
Downtown,Anitta,7FNnA9vBm6EKceENgCGRMb,2017,brazilian pop
When It Rains It Pours,Luke Combs,718COspgdWOnwOFpJHRZHS,2017,country
Stronger Together,Paul van Dyk,7wU1naftD3lNq7rNsiDvOR,2017,trance
Lush Life,Zara Larsson,1Xylc3o4UrD53lo9CvFvVg,2017,Desconocido
Inquilina - Ao Vivo,Aviões do Forró,4mnhyGRAuExTL4J0soT4za,2017,forró
This Town,Niall Horan,1Hsdzj7Dlq2I7tHP7501T4,2017,Desconocido
一晃眼,衛蘭,1N7pgE45pK09PFLXnhpT65,2017,cantopop
Unforgettable,French Montana,6vXTefBL93Dj5IqAWq6OTv,2017,Desconocido
Ohne dieses Gefühl - Live,LINA,3YPpKFZGAT0O8SJca2Aaj8,2017,german pop
Without You (feat. Sandro Cavazza),Avicii,1vCWHaC5f2uS3yhpwWbIA6,2017,edm
SUURI,Laineen Kasperi,5tHevlNBO5VNLvW3FsjICK,2017,finnish hip hop
Clean White Noise - Loopable with no fade,White Noise Baby Sleep,4W12lEvVl5wectUtRNrvDh,2017,Desconocido
Crowd Control,Dimitri Vegas,2HkAI0YrEcgoR8QdaURqhO,2017,electronica
Perfect,Ed Sheeran,6eUKZXaKkcviH0Ku9w2n3V,2017,soft pop
Into It - Live,Chase Atlantic,7cYEt1pqMgXJdq00hAwVpT,2017,Desconocido
PRIDE.,Kendrick Lamar,2YZyLoL8N0Wb9xBt1NhZWg,2017,hip hop
Journey,Chezidek,5HePAITZSCxQ0H9PEKZ5DH,2017,reggae
Shape of You,Ed Sheeran,6eUKZXaKkcviH0Ku9w2n3V,2017,soft pop
隣の彼はカッコよく見える,プラチナガールズ,02KUyBfvTknh4IpEJ86vKE,2017,c-pop
Believer,Imagine Dragons,53XhwfbYqKCa1cC15pYq2q,2017,Desconocido
C'est pas ma faute (feat. Mr. Leo),Revolution,599jagD7OBej5DjDC24Ext,2017,gqom
Don’t Blame Me,Taylor Swift,06HL4z0CvFAxyc27GXpf02,2017,Desconocido
Horse to Water,Tall Heights,1OVaGC0CDZaxjcPxclSNmp,2017,folk pop
Take My Hand,Picture This,7jLSEPYCYQ5ssWU3BICqrW,2017,Desconocido
Hundert Leben (Akustik Solo Version),Johannes Oerding,4I7D65YMlr6ZxVEGPb7q2K,2017,german pop
There's Nothing Holdin' Me Back,Shawn Mendes,7n2wHs1TKAczGzO7Dd2rGr,2017,pop
Vale La Pena,Grupo Cañaveral De Humberto Pabón,48zixAu4wMDZwpVbOenDU7,2017,cumbia
Bad At Love,Halsey,26VFTg2z8YR0cCuwLzESi2,2017,Desconocido
The Winner Takes It All - Acoustic,Carla Bruni,1HVwzNriKEjaeE06okqSpx,2017,french jazz
Passionfruit,Drake,3TVXtAsR1Inumwj472S9r4,2017,rap
Egal (Live),LINA,3YPpKFZGAT0O8SJca2Aaj8,2017,german pop
Glorious (feat. Skylar Grey),Macklemore,3JhNCzhSMTxs9WLGJJxWOY,2017,Desconocido
Killing Me,Black Rain,5d08mBdTsf060tPbRoxtAa,2017,pinoy alternative
Belter,Gerry Cinnamon,7cpCnhhBIU1gA7EhTFApN1,2017,Desconocido
Even Angels (feat. Blas Cantó),Carlos Marco,3rs2rSphgxWU3zQvYWj5Fl,2017,classical piano
Dark Red,Steve Lacy,57vWImR43h4CaDao012Ofp,2017,Desconocido
Why - In Studio,Sabrina Carpenter,74KM79TiuVKeVCqs8QtB0B,2017,Desconocido
Sign of the Times,Harry Styles,6KImCVD70vtIoJWnq6nGn3,2017,Desconocido
Loca (feat. Cali y El Dandee),Maite Perroni,6ModsWtBph2rE6zCTVxvZt,2017,latin pop
Thunder,Imagine Dragons,53XhwfbYqKCa1cC15pYq2q,2017,Desconocido
Round & Round - Top Of The Pops 1984,Spandau Ballet,2urZrEdsq72kx0UzfYN8Yv,2017,new wave
All The Stars (with SZA),Kendrick Lamar,2YZyLoL8N0Wb9xBt1NhZWg,2018,hip hop
Enamorado,Alexander Stewart,4QGo29eCQCXwxCHLuQBf5W,2018,Desconocido
Cearta,KNEECAP,1ZVACPeq7ccGCoUXwtafUU,2018,Desconocido
"Holding Back the Years (Live at Ziggo Dome, Amsterdam)",Simply Red,1fa0cOhromAZdq2xRA4vv8,2018,Desconocido
Always Remember Us This Way,Lady Gaga,1HY2Jd0NmPuamShAr6KMms,2018,art pop
"Say You Love Me (Live at Ziggo Dome, Amsterdam)",Simply Red,1fa0cOhromAZdq2xRA4vv8,2018,Desconocido
Shallow,Lady Gaga,1HY2Jd0NmPuamShAr6KMms,2018,art pop
"So Beautiful (Live at Ziggo Dome, Amsterdam)",Simply Red,1fa0cOhromAZdq2xRA4vv8,2018,Desconocido
Sundress,A$AP Rocky,13ubrt8QOOCPljQ2FL1Kca,2018,rap
"For Your Babies (Live at Ziggo Dome, Amsterdam)",Simply Red,1fa0cOhromAZdq2xRA4vv8,2018,Desconocido
Beautiful Crazy,Luke Combs,718COspgdWOnwOFpJHRZHS,2018,country
"A New Flame (Live at Ziggo Dome, Amsterdam)",Simply Red,1fa0cOhromAZdq2xRA4vv8,2018,Desconocido
lovely (with Khalid),Billie Eilish,6qqNVTkY8uBg9cP3Jd7DAH,2018,Desconocido
"Someday in My Life (Live at Ziggo Dome, Amsterdam)",Simply Red,1fa0cOhromAZdq2xRA4vv8,2018,Desconocido
Violent Crimes,Kanye West,5K4W6rqBFWDnAN6FQUkS6x,2018,rap
In Betweenin',Austin Brown,4PpCSRGVWkRg5KNU2sTRBb,2018,Desconocido
Dancing On My Own,Calum Scott,6ydoSd3N2mwgwBHtF6K7eX,2018,soft pop
Wenn jetzt Sommer wär (feat. Chapeau Claque),Pretty Pink,3Jx6Zw3nLANXeV38AhGaM5,2018,melodic techno
Shotgun,George Ezra,2ysnwxxNtSgbb9t1m2Ur4j,2018,Desconocido
Movement,Hozier,2FXC3k01G6Gw61bmprjgqS,2018,Desconocido
Lucid Dreams,Juice WRLD,4MCBfE4596Uoi2O4DtmEMz,2018,melodic rap
"Your Mirror (Live at Ziggo Dome, Amsterdam)",Simply Red,1fa0cOhromAZdq2xRA4vv8,2018,Desconocido
Babydoll,Dominic Fike,6USv9qhCn6zfxlBQIYJ9qs,2018,Desconocido
Слэмятся пацаны,Little Big,0pnd3MP2rxAzljR9AqXUJB,2018,Desconocido
Praise The Lord (Da Shine) (feat. Skepta),A$AP Rocky,13ubrt8QOOCPljQ2FL1Kca,2018,rap
"FÉ - Ao Vivo, Brasil 2018",fhop music,0V208yTQ5OGOUBZuszu6Fn,2018,devotional
3 Nights,Dominic Fike,6USv9qhCn6zfxlBQIYJ9qs,2018,Desconocido
NFWMB - Acoustic / Live,Hozier,2FXC3k01G6Gw61bmprjgqS,2018,Desconocido
Softcore,The Neighbourhood,77SW9BnxLY8rJ0RciFqkHh,2018,Desconocido
It's You (feat. 王艷薇),R-chord,5XkrVVn0lQIVPkH55nbTgZ,2018,mandopop
Eastside (with Halsey & Khalid),benny blanco,5CiGnKThu5ctn9pBxv7DGa,2018,Desconocido
Győzni Jöttünk,Begi Lotfi,5czhmVKVKn0bsJqnvx2Dgf,2018,Desconocido
I Like Me Better,Lauv,5JZ7CnR6gTvEMKX4g70Amv,2018,Desconocido
Full Automatic (feat. Diego),Sleiman,2HTE5rhkzmNb4IiGrop13q,2018,Desconocido
No Lie,Sean Paul,3Isy6kedDrgPYoTS1dazA9,2018,dancehall
Did You Love Me,Shannon & the Clams,7t7pfYPYx0TwawLmbiNWlQ,2018,garage rock
Blue Hair,TV Girl,0Y6dVaC9DZtPNH4591M42W,2018,Desconocido
Verdi: Il Trovatore - Tacea la notte placida,Giuseppe Verdi,1JOQXgYdQV2yfrhewqx96o,2018,opera
Youngblood,5 Seconds of Summer,5Rl15oVamLq7FbSb0NNBNy,2018,Desconocido
"HEBREUS 1 / HERDEIRO DE TUDO - Ao Vivo, Brasil 2018",fhop music,0HpGyW7V9sMk9cPqrpSLcN,2018,devotional
All Girls Are The Same,Juice WRLD,4MCBfE4596Uoi2O4DtmEMz,2018,melodic rap
Next To Me,Imagine Dragons,53XhwfbYqKCa1cC15pYq2q,2018,Desconocido
Hold My Girl,George Ezra,2ysnwxxNtSgbb9t1m2Ur4j,2018,Desconocido
Medusa,Tommy,5h0HAhETmJ53akyGkUBaQR,2018,thai pop
Falling Down - Bonus Track,Lil Peep,2kCcBybjl3SAtIcwdWpUe3,2018,emo rap
Novos Horizontes / Alívio Imediato,Engenheiros Do Hawaii,0GNq4xh8uFCyihPurnunf7,2018,brazilian rock
Ghost Town,Kanye West,5K4W6rqBFWDnAN6FQUkS6x,2018,rap
"Go Your Own Way - Live at Studio Instrument Rentals, 1976",Fleetwood Mac,08GQAI4eElDnROBrJRGE0X,2018,classic rock
Chasin' You,Morgan Wallen,4oUHIQIBe0LHzYfvXNW4QM,2018,country
Higher Love,Emilie Nicolas,4cXE1g28uYrIaUisUx5cJt,2018,norwegian pop
Heading South,Zach Bryan,40ZNYROS4zLfyyBSs2PGe2,2019,country
"Greenwood, Philip Selway, Edward O'Brien, Colin Greenwood: Pyramid Song (Arr. Lawson)",Jonny Greenwood,0z9s3P5vCzKcUBSxgBDyLU,2019,Desconocido
H.O.O.D,KNEECAP,1ZVACPeq7ccGCoUXwtafUU,2019,Desconocido
All I've Ever Known,Grace Hodgett Young,77oK4rOZiJGnU2LN2ksnI9,2019,Desconocido
Cruel Summer,Taylor Swift,06HL4z0CvFAxyc27GXpf02,2019,Desconocido
Skrrt,K27,5nRkPBCDIqxGB82fj0Pj7V,2019,Desconocido
Get Your Brits Out,KNEECAP,1ZVACPeq7ccGCoUXwtafUU,2019,Desconocido
Stretch,Louise,3a4CSjBr9WqhM6n4iqVSC6,2019,Desconocido
Someone You Loved,Lewis Capaldi,4GNC7GD6oZMSxPGyXy4MNB,2019,soft pop
Die Heelal (feat. Early B),Janie Bay,0VSXm0RbmbovOLT6ADgovM,2019,Desconocido
when the party's over,Billie Eilish,6qqNVTkY8uBg9cP3Jd7DAH,2019,Desconocido
Sirenen,Tommy,5h0HAhETmJ53akyGkUBaQR,2019,thai pop
Ransom,Lil Tecca,4Ga1P7PMIsmqEZqhYZQgDo,2019,melodic rap
Do It Like You Mean It (feat. Yoel 905),Frans,1y5T3Prq30eW5RkpaUWNOQ,2019,Desconocido
Lover,Taylor Swift,06HL4z0CvFAxyc27GXpf02,2019,Desconocido
Pakete,Tommy,5h0HAhETmJ53akyGkUBaQR,2019,thai pop
Almost (Sweet Music),Hozier,2FXC3k01G6Gw61bmprjgqS,2019,Desconocido
REASON,SYU(from GALNERYUS),2cgJdROSU7cP3qi8mmNyw5,2019,power metal
Circles,Post Malone,246dkjvS1zLTtiykXe5h60,2019,Desconocido
Mad,Lil Yase,4PKqKT6sKrfYxgj0hTvkyf,2019,hyphy
Hypersonic Missiles,Sam Fender,6zlR5ttMfMNmwf2lecU9Cc,2019,Desconocido
I Was In Heaven - Acoustic,Chelsea Cutler,5JMLG56F1X5mFmWNmS0iAp,2019,Desconocido
Cinnamon Girl,Lana Del Rey,00FQb4jTyendYWaN8pK0wa,2019,Desconocido
Disciplin (feat. Keya),Elias Abbas,4QvI3PrYRXq9A2UbeQAKH6,2019,Desconocido
Before You Go,Lewis Capaldi,4GNC7GD6oZMSxPGyXy4MNB,2019,soft pop
Fuck it I love you / The greatest,Lana Del Rey,00FQb4jTyendYWaN8pK0wa,2019,Desconocido
Would That I,Hozier,2FXC3k01G6Gw61bmprjgqS,2019,Desconocido
Sky Blue Skin,Jeff Buckley,3nnQpaTvKb5jCQabZefACI,2019,Desconocido
Bruises,Lewis Capaldi,4GNC7GD6oZMSxPGyXy4MNB,2019,soft pop
"Once Once - En Vivo En Plaza De Toros De Cartagena / Mayo 4, 2019",DJ Dever,2KDK6LDA8DKphV0wwHb40D,2019,champeta
HIGHEST IN THE ROOM,Travis Scott,0Y5tJX1MQlPlqiwlOH1tJY,2019,rap
Last Christmas (Official 4K Video) [Teaser 1],Wham!,5lpH0xAS4fVfLkACg9DAuM,2019,christmas
Bags,Clairo,3l0CmX0FuQjFxr8SK7Vqag,2019,bedroom pop
Lana Film,Lana Del Rey,00FQb4jTyendYWaN8pK0wa,2019,Desconocido
everything i wanted,Billie Eilish,6qqNVTkY8uBg9cP3Jd7DAH,2019,Desconocido
Lead Me On,Louise,3a4CSjBr9WqhM6n4iqVSC6,2019,Desconocido
ARE WE STILL FRIENDS?,"Tyler, The Creator",4V8LLVI7PbaPR0K2TGSxFF,2019,Desconocido
Única - Ao Vivo,Amigos,7t9vZg9sglZGukAMixJf5t,2019,sertanejo tradicional
Don't Give Up On Me,Andy Grammer,2oX42qP5ineK3hrhBECLmj,2019,Desconocido
Uwi,Alvaro Diaz,5J7rXWjtn5HzUkJ4Jet8Fr,2019,Desconocido
Be Alright,Dean Lewis,3QSQFmccmX81fWCUSPTS7y,2019,Desconocido
Guess Who,Chi City,2ipMJ7CDYbsqysSF15uVpF,2019,Desconocido
False Confidence,Noah Kahan,2RQXRUsr4IW1f3mKyKsy4B,2019,Desconocido
Last Christmas (Official 4K Video) [Teaser 2],Wham!,5lpH0xAS4fVfLkACg9DAuM,2019,christmas
EARFQUAKE,"Tyler, The Creator",4V8LLVI7PbaPR0K2TGSxFF,2019,Desconocido
Du bist schön - Live,Alligatoah,0r0R5nIjDY04TfxRM10Bcb,2019,german pop
Watermelon Sugar,Harry Styles,6KImCVD70vtIoJWnq6nGn3,2019,Desconocido
Streetlife,Hanybal,2HdP7fpDiLWAvElYGg75gd,2019,german hip hop
What A Time (feat. Niall Horan),Julia Michaels,0ZED1XzwlLHW4ZaG4lOT6m,2019,Desconocido
En el Seno del Amor (Acústco en Vivo),Dread Mar I,1aw0Cdl1DIrtUrUA6fGbAR,2019,spanish-language reggae
Clean Baby Sleep White Noise (Loopable),Dream Supplier,6Cqtx9fpxzggIMuKn0RGCp,2020,Desconocido
All We Got (feat. KIDDO),Robin Schulz,3t5xRXzsuZmMDkQzgOX35S,2020,tropical house
"I miss you, I’m sorry",Gracie Abrams,4tuJ0bMpJh08umKkEXKUI5,2020,Desconocido
Medicine Hat,Blackie and the Rodeo Kings,2McRDcv6H9e9xz5G5mOnUa,2020,alt country
Revival,Zach Bryan,40ZNYROS4zLfyyBSs2PGe2,2020,country
123 (feat. Yasin),Cherrie,59E9dYtwLTUAGuAppwFKAW,2020,Desconocido
You Should Probably Leave,Chris Stapleton,4YLtscXsxbVgi031ovDDdh,2020,country
Kort Donner - Live,Karen Zoid,1x6N4tQft8TwRuhOfRUgWC,2020,Desconocido
Blinding Lights,The Weeknd,1Xyo4u8uXC1ZmMpatF05PJ,2020,Desconocido
Meisie Wat Haar Potlood Kou - Live at Mothership Studios,Karen Zoid,1x6N4tQft8TwRuhOfRUgWC,2020,Desconocido
Maine,Noah Kahan,2RQXRUsr4IW1f3mKyKsy4B,2020,Desconocido
Ek Verlang Na Jou - Live at Mothership Studios,Karen Zoid,1x6N4tQft8TwRuhOfRUgWC,2020,Desconocido
august,Taylor Swift,06HL4z0CvFAxyc27GXpf02,2020,Desconocido
Selfmade Babylon,Bausa,13bDjug9N0pyv3ZUINjkDV,2020,german hip hop
cardigan,Taylor Swift,06HL4z0CvFAxyc27GXpf02,2020,Desconocido
Ballade Vir 'n Enkeling - Live At Mothership Studios,Karen Zoid,1x6N4tQft8TwRuhOfRUgWC,2020,Desconocido
Heat Waves,Glass Animals,4yvcSjfu4PC0CYQyLy4wSq,2020,Desconocido
Anders,Tommy,5h0HAhETmJ53akyGkUBaQR,2020,thai pop
The Cut That Always Bleeds,Conan Gray,4Uc8Dsxct0oMqx0P6i60ea,2020,Desconocido
Bruder,Nico K.I.Z,49U1wR2eateFtB7cxd4ncm,2020,german hip hop
my tears ricochet,Taylor Swift,06HL4z0CvFAxyc27GXpf02,2020,Desconocido
Indigo Girl - Live at Mothership Studios,Karen Zoid,1x6N4tQft8TwRuhOfRUgWC,2020,Desconocido
July,Noah Cyrus,55fhWPvDiMpLnE4ZzNXZyW,2020,Desconocido
Delli (feat. Adel),Ricky Rich,1gm1katIowFM22Ldqcw6DK,2020,Desconocido
that way,Tate McRae,45dkTj5sMRSjrmBSBeiHym,2020,Desconocido
David Carreira - Haverá Sempre uma Música / Baby Fica - Live at Altice Arena,David Carreira,6tIIe4TjUAUBgebA9j53ch,2020,kizomba
Borderline,Tame Impala,5INjqkS1o8h1imAzPqGZBb,2020,indie
Lobo Hombre En París,Fran,0VeDmQvivAadp6TiI4vrda,2020,Desconocido
Godzilla (feat. Juice WRLD),Eminem,7dGJo4pcD2V6oG8kP0tJRR,2020,rap
Today - Live at Mothership Studios,Karen Zoid,1x6N4tQft8TwRuhOfRUgWC,2020,Desconocido
anything,Adrianne Lenker,4aKWmkWAKviFlyvHYPTNQY,2020,Desconocido
"No Woman, No Cry - 1975 Audio Version",Bob Marley,6BH2lormtpjy3X9DyrGHVj,2020,reggae
Don't Start Now,Dua Lipa,6M2wZ9GZgrQXHCFfjv46we,2020,pop
Wind,Tommy,5h0HAhETmJ53akyGkUBaQR,2020,thai pop
Canter,Gerry Cinnamon,7cpCnhhBIU1gA7EhTFApN1,2020,Desconocido
My Blood,DANNY AVILA,1Xv1qZHJ1hnRlWHRTZ3uci,2020,techno
The Thrill,Wiz Khalifa,137W8MRPWKqSmrBGDBFSop,2020,rap
Tarde Demais,Nuno Ribeiro,14q08vxBLlQPCHdmAN5j2N,2020,kizomba
Save Your Tears,The Weeknd,1Xyo4u8uXC1ZmMpatF05PJ,2020,Desconocido
A&B,Jhené Aiko,5ZS223C6JyBfXasXxrRqOk,2020,r&b
Shut up My Moms Calling,Hotel Ugly,35WVTyRnKAoaGExqgktVyb,2020,Desconocido
Delli (feat. Adel) - Crib Session,Ricky Rich,1gm1katIowFM22Ldqcw6DK,2020,Desconocido
forwards beckon rebound,Adrianne Lenker,4aKWmkWAKviFlyvHYPTNQY,2020,Desconocido
Babe ich weiß,SAMIRA,6nZda35mVu8s1uIhJSaAKM,2020,german hip hop
Sweet but Psycho,Ava Max,4npEfmQ6YuiwW1GpUmaq3F,2020,Desconocido
Kalt wie Eis (feat. Tommy),Ciro,34UVu13oDPEzL7aXQMOqcO,2020,german hip hop
exile (feat. Bon Iver),Taylor Swift,06HL4z0CvFAxyc27GXpf02,2020,Desconocido
Paco Montalvo - Leyenda (Official Music Video),Paco Montalvo,5IinwbNi6wZ44tgwtaObhv,2020,flamenco
"not a lot, just forever",Adrianne Lenker,4aKWmkWAKviFlyvHYPTNQY,2020,Desconocido
Hello - Moto/Spory,Kukon,3U5Oag04Yl2WnvPULOlsMD,2020,Desconocido
Guilty Conscience,KNEECAP,1ZVACPeq7ccGCoUXwtafUU,2021,Desconocido
FAKE - BRITs 2022 Rising Star Live Session,Lola Young,67FB4n52MgexGQIG8s0yUH,2021,Desconocido
you broke me first,Tate McRae,45dkTj5sMRSjrmBSBeiHym,2021,Desconocido
อยู่คนเดียว (Loner),WANYAi,7JGpNnXUEolFmY4yIBSWD7,2021,thai rock
Still Sleepless,D.O.D,0Cs47vvRsPgEfliBU9KDiB,2021,piano house
Un'estate normale,Nek,2Hd7Yrh32At3YRqhoW2RXe,2021,italo dance
traitor,Olivia Rodrigo,1McMsnEElThX1knmY4oliG,2021,Desconocido
Sharpener’s Calling Me Again (feat. Kina),Cavetown,2hR4h1Cao2ueuI7Cx9c7V8,2021,bedroom pop
Mess It Up,Gracie Abrams,4tuJ0bMpJh08umKkEXKUI5,2021,Desconocido
Riches Wii a Pree,Teejay,0TBQhPUEj1c5PlmTu3Hq5q,2021,tamil indie
drivers license,Olivia Rodrigo,1McMsnEElThX1knmY4oliG,2021,Desconocido
Tú no me conoces,Danny Ocean,5H1nN1SzW0qNeUEZvuXjAj,2021,reggaeton
Seventeen Going Under,Sam Fender,6zlR5ttMfMNmwf2lecU9Cc,2021,Desconocido
Happier Than Ever - Live From Disney’s Happier Than Ever/A Love Letter to Los Angeles,Billie Eilish,6qqNVTkY8uBg9cP3Jd7DAH,2021,Desconocido
Easy On Me,Adele,4dpARuHxo51G3z768sgnrY,2021,soft pop
Tussi Code Mari,Marcianeke,5XQWXnMwsvuvCPMneXUbsy,2021,reggaeton chileno
good 4 u,Olivia Rodrigo,1McMsnEElThX1knmY4oliG,2021,Desconocido
J'fly,Greg Yeya,4UBQmcjAzvho2wG4OfIucn,2021,Desconocido
raining for hours,ame,7htQnykNfk2Bu39bSw7owz,2021,soft rock
Shivers,Ed Sheeran,6eUKZXaKkcviH0Ku9w2n3V,2021,soft pop
Alors alors - Version acoustique,Lou,6iHKWDaniE1NyU3xZ7FeGg,2021,jazz
The Color Violet,Tory Lanez,2jku7tDXc6XoB6MO2hFuqg,2021,Desconocido
Hayu Gaskeun Ah,Putih Abu-Abu,3yRNoZZuzU5TC7uwOxd7cL,2021,sholawat
favorite crime,Olivia Rodrigo,1McMsnEElThX1knmY4oliG,2021,Desconocido
deja vu,Olivia Rodrigo,1McMsnEElThX1knmY4oliG,2021,Desconocido
Ciao,Rouss,3Xa0w2RUuQw38J199xgj2A,2021,Desconocido
Give It To Me - Full Vocal Mix,Matt Sassari,21dVknSLCsK37cWozWDZZS,2021,tech house
Aina ikävä jonnekin (feat. Aki Tykki),Danny,5jLdTpcCZRQIWiSbfKf2cz,2021,iskelmä
Every Night White Noise,The Noisy Outdoors,6ipASreqbHk6a7aR2xo9BW,2021,Desconocido
Ferrari (feat. Luciano),Capo Plaza,5SulO4l40qDuV9zUGLZx7n,2021,italian trap
Happier Than Ever,Billie Eilish,6qqNVTkY8uBg9cP3Jd7DAH,2021,Desconocido
"Bach, JS: Violin Sonata No. 3 in C Major, BWV 1005: III. Largo",Johann Sebastian Bach,5aIqB5nVVvmFsvSdExz408,2021,classical
Make Me Feel Good,Belters Only,1H1sDUWSlytzifZTDpKgUA,2021,Desconocido
Solo - Acoustic,Matteo Bocelli,3SzmIPVTtVc0AzbR8kwk0w,2021,christmas
Rumore Bianco,Relaxed Minds,0AuDQR88HtZsQXLnbq007R,2021,Desconocido
One Day - Live,MONSTA X,4TnGh5PKbSjpYqpIdlW5nz,2021,k-pop
family ties (with Kendrick Lamar),Baby Keem,5SXuuuRpukkTvsLuUknva1,2021,Desconocido
Subiendolo,Jay Oc,4xfAJoeFObf1ny2nj3sgMS,2021,Desconocido
You Belong With Me (Taylor’s Version),Taylor Swift,06HL4z0CvFAxyc27GXpf02,2021,Desconocido
"Bach, JS: Violin Partita No. 3 in E Major, BWV 1006: I. Preludio",Johann Sebastian Bach,5aIqB5nVVvmFsvSdExz408,2021,classical
Feels Like,Gracie Abrams,4tuJ0bMpJh08umKkEXKUI5,2021,Desconocido
Redeemer,Karima,6e4PwrSrYPtaxeVxZuOZbi,2021,Desconocido
Chemtrails Over The Country Club,Lana Del Rey,00FQb4jTyendYWaN8pK0wa,2021,Desconocido
กลับไปก่อนได้ไหม (feat. URBOYTJ),Num KALA,1kUVa9zNj2ohZptBv4uK8c,2021,thai pop
All Too Well (10 Minute Version) (Taylor's Version) (From The Vault),Taylor Swift,06HL4z0CvFAxyc27GXpf02,2021,Desconocido
J'suis mal,Alexy Large,7yviGBKRYiXscGmyyQhwG1,2021,nightcore
"jealousy, jealousy",Olivia Rodrigo,1McMsnEElThX1knmY4oliG,2021,Desconocido
Fica Pra Dormir - Ao Vivo,Zé Neto & Cristiano,487N2T9nIPEHrlTZLL3SQs,2021,sertanejo
Stick Season,Noah Kahan,2RQXRUsr4IW1f3mKyKsy4B,2022,Desconocido
Don't Play by the Rules,D.T.E,72HNCRVjK93J4ZnCY8rb1q,2022,Desconocido
Something in the Orange,Zach Bryan,40ZNYROS4zLfyyBSs2PGe2,2022,country
"Rachmaninov: Rhapsody on a Theme of Paganini, Op. 43: Variation 18 (Andante cantabile)",Sergei Rachmaninoff,0Kekt6CKSo0m5mivKcoH51,2022,classical
Deep Phase Noise 1,Milli Hughes,5qq6C4dNld3AWHbh2WaNAR,2022,Desconocido
"J.S. Bach: Violin Partita No. 2 in D Minor, BWV 1004 - I. Allemanda",Johann Sebastian Bach,5aIqB5nVVvmFsvSdExz408,2022,classical
End of Beginning,Djo,5p9HO3XC5P3BLxJs5Mtrhm,2022,psychedelic pop
Elixir,Tommy Saint,0bQjsCM8HJUB1bOpl8WSgV,2022,cedm
Sun to Me,Zach Bryan,40ZNYROS4zLfyyBSs2PGe2,2022,country
Playa (feat. Ella Bands),A Boogie Wit da Hoodie,31W5EY0aAly4Qieq6OFu6I,2022,melodic rap
"Burn, Burn, Burn",Zach Bryan,40ZNYROS4zLfyyBSs2PGe2,2022,country
Bank of Wildflowers (feat. Georgia),William Orbit,2AHGrNDMKFi8rHqQ8kJqfl,2022,idm
All My Love,Noah Kahan,2RQXRUsr4IW1f3mKyKsy4B,2022,Desconocido
Vivien,††† (Crosses),3vHmFWgPOWOVtlHSnaxLJf,2022,electronic rock
Nonsense,Sabrina Carpenter,74KM79TiuVKeVCqs8QtB0B,2022,Desconocido
Até Que é Bom,LUA,6Kn5qpqJoHEY2D8uvgUQut,2022,city pop
Oklahoma Smokeshow,Zach Bryan,40ZNYROS4zLfyyBSs2PGe2,2022,country
Она любила музыку,Dima Bilan,19rplJ3Uh67C1fNAwq7ohw,2022,Desconocido
Nobody Gets Me,SZA,7tYKF4w9nC0nq9CsPZTHyP,2022,r&b
My Phone,Tommy Saint,0bQjsCM8HJUB1bOpl8WSgV,2022,cedm
Northern Attitude,Noah Kahan,2RQXRUsr4IW1f3mKyKsy4B,2022,Desconocido
Full Round Table,CQ Wrestling,4pUT9OPOWyNU0jMEob4tqU,2022,Desconocido
flowers-fire,Kingfishr,6c2qQFq3xfxFJndX6wSe4f,2022,folk pop
TV - Live From Singapore’s Cloud Forest,Billie Eilish,6qqNVTkY8uBg9cP3Jd7DAH,2022,Desconocido
she's all i wanna be,Tate McRae,45dkTj5sMRSjrmBSBeiHym,2022,Desconocido
Made Rich,YoungBoy Never Broke Again,7wlFDEWiM5OoIAt8RSli8b,2022,Desconocido
Motorcycle Drive By,Zach Bryan,40ZNYROS4zLfyyBSs2PGe2,2022,country
เพิ่งรู้(Never Knew),Earth Pirapat,5WNYZY9iRoV2jtET26n9lf,2022,t-pop
As It Was,Harry Styles,6KImCVD70vtIoJWnq6nGn3,2022,Desconocido
La Carta Que Nunca Te Escribí - Remix,Lu Decker,74LXFsgo40nbOJaO74QTAm,2022,Desconocido
eyes don’t lie,Kingfishr,6c2qQFq3xfxFJndX6wSe4f,2022,folk pop
The Side,Rod D,74vb8gsoOmgeUrsvYBX4Hx,2022,Desconocido
World Hold On - FISHER Rework,Bob Sinclar,5YFS41yoX0YuFY39fq21oN,2022,french house
"2001 // Life Is Yours - The Colour Wheel Session , London 2022",Foals,6FQqZYVfTNQ1pCqfkwVFEa,2022,indie
ceilings,Lizzy McAlpine,1GmsPCcpKgF9OhlNXjOsbS,2022,Desconocido
Everlasting Love,Folder,2hyscgwWGeLUoYKEpbGtP1,2022,nu metal
I'm Good (Blue),David Guetta,1Cs0zKBU1kc0i8ypK3B9ai,2022,edm
ขอบคุณที่เลิกกัน,KLEAR,2TE6bCnjUh8fe7U7g8ajcs,2022,thai pop
I Love You,Fontaines D.C.,3SXwqSqAoBz9WCI9PDQzY6,2022,post-punk
Love Of Mine,Imagine Dragons,53XhwfbYqKCa1cC15pYq2q,2022,Desconocido
Afraid To Feel,LF SYSTEM,0HxX6imltnNXJyQhu4nsiO,2022,Desconocido
0.4 (feat. Kanoé),La Peee,47BEXrGacbFC66aygrjSxJ,2022,Desconocido
because i liked a boy,Sabrina Carpenter,74KM79TiuVKeVCqs8QtB0B,2022,Desconocido
Waltz | Hoa (Original Soundtrack),Johannes Johansson,7u7VohKLwXLckuyYejvmff,2022,Desconocido
TV,Billie Eilish,6qqNVTkY8uBg9cP3Jd7DAH,2022,Desconocido
Still countin / Poppin,Yeat,3qiHUAX7zY4Qnjx8TNUzVx,2022,rage rap
Orange Juice,Noah Kahan,2RQXRUsr4IW1f3mKyKsy4B,2022,Desconocido
Fieber / Glatteis,Nina Chuba,2kS9NyuATpYwjeB93h24H5,2022,german pop
the perfect pair,beabadoobee,35l9BRT7MXmM8bv2WDQiyB,2022,bedroom pop
XI COMANDAMENTO - VASCO LIVE XXII,Vasco Rossi,5l4nhyz8876RhgE2d18h65,2022,italian singer-songwriter
I Remember Everything (feat. Kacey Musgraves),Zach Bryan,40ZNYROS4zLfyyBSs2PGe2,2023,country
Rodeo (Remix),Lah Pat,6dhd3wcal02KeLBk5wScfd,2023,Desconocido
Pink Pony Club,Chappell Roan,7GlBOeep6PqTfFi59PTUUN,2023,Desconocido
Party Jumpin’,Jamie Brown,1itVP3ysVe9MMrYCeOKMsO,2023,soul
Pink Pony Club,Chappell Roan,7GlBOeep6PqTfFi59PTUUN,2023,Desconocido
Animals in the Ocean,Blippi,30niqFGUKKUg1horQSgwBn,2023,children's music
Lose Control,Teddy Swims,33qOK5uJ8AR2xuQQAhHump,2023,Desconocido
僕は頑張るよっ feat. ano,Shinsei Kamattechan,1ZnuqrjIR4q8zhgriUYsSo,2023,anime
The Door,Teddy Swims,33qOK5uJ8AR2xuQQAhHump,2023,Desconocido
Gyal Dem Time (feat. Teejay),Shaggy,5EvFsr3kj42KNv97ZEnqij,2023,reggae
You’re Gonna Go Far,Noah Kahan,2RQXRUsr4IW1f3mKyKsy4B,2023,Desconocido
Double R's,Slim,31kuTHJ0NEF3i9UTnxuYSl,2023,Desconocido
HOT TO GO!,Chappell Roan,7GlBOeep6PqTfFi59PTUUN,2023,Desconocido
Let's Talk Money (feat. Headie One),Slim,31kuTHJ0NEF3i9UTnxuYSl,2023,Desconocido
Prada,cassö,5wCmhq5J2hPwL2r0eKurxn,2023,Desconocido
Standard,Einar,2A0z6Qg6u9zBYIJW3Cr64J,2023,epadunk
Nine Ball,Zach Bryan,40ZNYROS4zLfyyBSs2PGe2,2023,country
BM | DJ TAO Turreo Sessions #17,DJ Tao,5CA5IqbsFr4hpNLdjgO0BU,2023,rkt
Red Wine Supernova,Chappell Roan,7GlBOeep6PqTfFi59PTUUN,2023,Desconocido
Put Your Name On Me,Travis Greene,22JNV0JWTJkY1qzKJhxdRe,2023,gospel
HOT TO GO!,Chappell Roan,7GlBOeep6PqTfFi59PTUUN,2023,Desconocido
Dużo Ciebie Mi,Lemon,3GqZI2mcDNtrVB8pRP61Tu,2023,post-disco
Casual,Chappell Roan,7GlBOeep6PqTfFi59PTUUN,2023,Desconocido
Pasatiempo,La China,0MONbt46lfQCO66bPIj5hi,2023,electroclash
NIGHTS LIKE THIS,The Kid LAROI,2tIP7SsRs7vjIcLrU85W8J,2023,Desconocido
Basta Ya,El Mimoso Luis Antonio López,1WAQn5rQnzDzGM5zEu9UvT,2023,banda
Mary's Pub,Amble,5ZC7GPz5h9zkEfjZBUDNzI,2023,Desconocido
Desaniversario,La China,0MONbt46lfQCO66bPIj5hi,2023,electroclash
Shot In The Dark,Kingfishr,6c2qQFq3xfxFJndX6wSe4f,2023,folk pop
Ay Ay Ay,La China,0MONbt46lfQCO66bPIj5hi,2023,electroclash
Stumblin' In,CYRIL,11kt6ggsdxvI8MhyeSMKom,2023,Desconocido
Ana Wingii,Wingii,3i5MnWpawRCC9SYhLIHP7W,2023,egyptian hip hop
greedy,Tate McRae,45dkTj5sMRSjrmBSBeiHym,2023,Desconocido
Sidi,Wingii,3i5MnWpawRCC9SYhLIHP7W,2023,egyptian hip hop
"What Was I Made For? [From The Motion Picture ""Barbie""]",Billie Eilish,6qqNVTkY8uBg9cP3Jd7DAH,2023,Desconocido
Track Record 2.0 (feat. Tony Fresh),Travis Greene,22JNV0JWTJkY1qzKJhxdRe,2023,gospel
Caroline,Kingfishr,6c2qQFq3xfxFJndX6wSe4f,2023,folk pop
Ela é um Hit,Tritom,7A5lTNequ9HtuW8TQH1KMg,2023,nova mpb
Feather,Sabrina Carpenter,74KM79TiuVKeVCqs8QtB0B,2023,Desconocido
Sinner - Live Performance,The Last Dinner Party,5SHgclK1ZpTdfdAmXW7J6s,2023,Desconocido
Flowers,Miley Cyrus,5YGY8feqx7naU7z4HrwZM6,2023,Desconocido
Expect Impossible (feat. Tony Fresh),Travis Greene,22JNV0JWTJkY1qzKJhxdRe,2023,gospel
vampire,Olivia Rodrigo,1McMsnEElThX1knmY4oliG,2023,Desconocido
I'm always waiting for you,LEMONY,3w3wnGjv8BXdXbOQShYGec,2023,thai pop
Call Your Mom,Noah Kahan,2RQXRUsr4IW1f3mKyKsy4B,2023,Desconocido
หากันจนเจอ (ซนซน 40 ปี GMM GRAMMY),พลพล,6YzSmyo0PdJvAJ3WvyPCkb,2023,phleng phuea chiwit
Asking,Sonny Fodera,39B7ChWwrWDs7zXlsu3MoP,2023,house
Dingue de toi (Turn me on) [feat. Dana],Alexy Large,4FlyOnqbpEbCR34xmBEIu2,2023,nightcore
Sarah's Place (feat. Noah Kahan),Zach Bryan,40ZNYROS4zLfyyBSs2PGe2,2023,country
89 8+9+989 (feat. 草爺),馬念先,1SpB1xFnn94QMqVmcmzS7A,2023,taiwanese indie
That’s So True,Gracie Abrams,4tuJ0bMpJh08umKkEXKUI5,2024,Desconocido
That’s So True - Live From Radio City Music Hall,Gracie Abrams,4tuJ0bMpJh08umKkEXKUI5,2024,Desconocido
Sailor Song,Gigi Perez,1iCnM8foFssWlPRLfAbIwo,2024,Desconocido
Hurt,OneRepublic,5Pwc4xIPtQLFEnJriah9YJ,2024,soft pop
BIRDS OF A FEATHER,Billie Eilish,6qqNVTkY8uBg9cP3Jd7DAH,2024,Desconocido
Passenger Princess,Aminé,3Gm5F95VdRxW3mqCn8RPBJ,2024,Desconocido
"Good Luck, Babe!",Chappell Roan,7GlBOeep6PqTfFi59PTUUN,2024,Desconocido
Risk - Live From The Tonight Show With Jimmy Fallon,Gracie Abrams,4tuJ0bMpJh08umKkEXKUI5,2024,Desconocido
Not Like Us,Kendrick Lamar,2YZyLoL8N0Wb9xBt1NhZWg,2024,hip hop
Circles,SAINt JHN,0H39MdGGX6dbnnQPt6NQkZ,2024,Desconocido
Die With A Smile,Lady Gaga,1HY2Jd0NmPuamShAr6KMms,2024,art pop
Tuck Your Chain,Money Man,3Rx4PJ7SP6unkOk5elPUK7,2024,Desconocido
Messy,Lola Young,67FB4n52MgexGQIG8s0yUH,2024,Desconocido
Little Window - Live Studio Session,FINNEAS,37M5pPGs6V1fchFJSgCguX,2024,Desconocido
Taste,Sabrina Carpenter,74KM79TiuVKeVCqs8QtB0B,2024,Desconocido
I Ain't Sayin' - Performance,Jordan Davis,77kULmXAQ6vWer7IIHdGzI,2024,country
"I Love You, I'm Sorry",Gracie Abrams,4tuJ0bMpJh08umKkEXKUI5,2024,Desconocido
Last Night In Kingston,Konan,3YovKOlvuikZAiRIz5fTfR,2024,grime
Pink Skies,Zach Bryan,40ZNYROS4zLfyyBSs2PGe2,2024,country
Aimer à moitié,Calema,6PIIKavZx20FlVKyIvb4Um,2024,kizomba
The Days - NOTION Remix,Chrystal,5bQ3wFgekuIMIcWJuxkqLK,2024,Desconocido
DUMBAI,CA7RIEL & Paco Amoroso,6I8TDGeUmmLom8auKPzMdX,2024,argentine trap
DENIAL IS A RIVER,Doechii,4E2rKHVDssGJm2SCDOMMJB,2024,Desconocido
"Bheegi Bheegi - From ""Gangster""",Pritam,1wRPtKGflJrBx9BmLsSwlU,2024,bollywood
tv off (feat. lefty gunplay),Kendrick Lamar,2YZyLoL8N0Wb9xBt1NhZWg,2024,hip hop
Horror Story,Tay Savage,3bEvCfguncHB5a063kJr71,2024,Desconocido
APT.,ROSÉ,3eVa5w3URK5duf6eyVDbu9,2024,k-pop
Postcards - Acoustic Version,Mackenzy Mackay,28WNtilgFPn1mdz3h0FjHl,2024,Desconocido
Somedays,Sonny Fodera,39B7ChWwrWDs7zXlsu3MoP,2024,house
Oublier,Rsko,3L774tiJRvPmAS90pOLB44,2024,pop urbaine
Messy,Lola Young,67FB4n52MgexGQIG8s0yUH,2024,Desconocido
Rid Of Me - Live,Still Woozy,4iMO20EPodreIaEl8qW66y,2024,bedroom pop
WILDFLOWER,Billie Eilish,6qqNVTkY8uBg9cP3Jd7DAH,2024,Desconocido
EA2 (The Beginning of the Era),Lil Uzi Vert,4O15NlyKLIASxsJ0PrXPfz,2024,melodic rap
Too Sweet,Hozier,2FXC3k01G6Gw61bmprjgqS,2024,Desconocido
Lindo Momento,Julliany Souza,0d71FlLkqZzdpEQifcngQq,2024,gospel
Bed Chem,Sabrina Carpenter,74KM79TiuVKeVCqs8QtB0B,2024,Desconocido
Family Feud - Live at The Ford,FINNEAS,37M5pPGs6V1fchFJSgCguX,2024,Desconocido
Bug,Fontaines D.C.,3SXwqSqAoBz9WCI9PDQzY6,2024,post-punk
Dead Flowers,Boldy James,4fpwOzxFRMVGfd197dKIdY,2024,boom bap
Beautiful Things,Benson Boone,22wbnEMDvgVIAGdFeek6ET,2024,Desconocido
Seu Astral / Mistérios,Fiorella,6cX9Qyl1Ug5lli2y2yBm52,2024,agronejo
Stargazing,Myles Smith,3bO19AOone0ubCsfDXDtYt,2024,Desconocido
BABY GANGSTA,CA7RIEL & Paco Amoroso,6I8TDGeUmmLom8auKPzMdX,2024,argentine trap
APT.,ROSÉ,3eVa5w3URK5duf6eyVDbu9,2024,k-pop
ILMSY (MOVES),Rotimi,1xBARhKI09ZTmeePVDWMCf,2024,afrobeats
Carry You Home,Alex Warren,0fTSzq9jAh4c36UVb4V7CB,2024,Desconocido
Ghosts / Slowing Down,Scarlet House,7jWdMH4K9omZ4z2UkGkz6N,2024,shoegaze
Kisses (feat. bbyclose),BL3SS,6kbR2eL4hecj3rFwGOsYsI,2024,Desconocido
Uzi The Earthling! (TV Show Theme),Lil Uzi Vert,4O15NlyKLIASxsJ0PrXPfz,2024,melodic rap
Ordinary,Alex Warren,0fTSzq9jAh4c36UVb4V7CB,2025,Desconocido
Messy - Live at the 2025 BRIT Awards,Lola Young,67FB4n52MgexGQIG8s0yUH,2025,Desconocido
Busy Woman,Sabrina Carpenter,74KM79TiuVKeVCqs8QtB0B,2025,Desconocido
Nothing Matters - Live at the 2025 BRIT Awards,The Last Dinner Party,5SHgclK1ZpTdfdAmXW7J6s,2025,Desconocido
Abracadabra,Lady Gaga,1HY2Jd0NmPuamShAr6KMms,2025,art pop
Satanized,Ghost,1Qp56T7n950O3EGMsSl81D,2025,metal
Sports car,Tate McRae,45dkTj5sMRSjrmBSBeiHym,2025,Desconocido
CYANIDE (Live Performance),SIENNA SPIRO,02gSuSAWEdWa5UOvqzjX6v,2025,Desconocido
15 Minutes,Sabrina Carpenter,74KM79TiuVKeVCqs8QtB0B,2025,Desconocido
Dream Of My Own - Live From Manchester,Calum Bowie,0BjKESiuU8dT323VIL8SqG,2025,Desconocido
Revolving door,Tate McRae,45dkTj5sMRSjrmBSBeiHym,2025,Desconocido
Hold On - Live From The Ryman,Luke Grimes,7Cezk2wEDBPfYCwEuKum1Y,2025,country
Bad Dreams,Teddy Swims,33qOK5uJ8AR2xuQQAhHump,2025,Desconocido
"Nadaaniyan - Title Track [From ""Nadaaniyan""]",Sachin-Jigar,1mBydYMVBECdDmMfE2sEUO,2025,gujarati pop
DtMF,Bad Bunny,4q3ewBCX7sLwd24euuV69X,2025,reggaeton
"The Sound And The Fury - Live On The Ed Sullivan Show, March 1, 1959",The Platters,6KWcxMWVNVIYbdOQyJtsSy,2025,doo-wop
Siren sounds (bonus),Tate McRae,45dkTj5sMRSjrmBSBeiHym,2025,Desconocido
"Schubert: Erlkönig, Op. 1, D. 328 (Orch. Bersanetti)",Franz Schubert,2p0UyoPfYfI76PCStuXfOP,2025,chamber music
CRG (feat. Dave),Central Cee,5H4yInM5zmHqpKIoMNAx4r,2025,uk drill
Kabin Party & Belter,Kabin Crew,6BHou7i94KE1FpHgDVWZEK,2025,Desconocido
Revolving door,Tate McRae,45dkTj5sMRSjrmBSBeiHym,2025,Desconocido
PSILOCYBIN & DAISIES - Live,Jessie Reyez,3KedxarmBCyFBevnqQHy3P,2025,Desconocido
It's Amazing To Be Young,Fontaines D.C.,3SXwqSqAoBz9WCI9PDQzY6,2025,post-punk
"""BODY BAG""(Official Music Video)",DUSTY LOCANE,22hWz22JAmIhIEp0u1X01L,2025,brooklyn drill
NOKIA,Drake,3TVXtAsR1Inumwj472S9r4,2025,rap
"Oh, Singer - Live On The Ed Sullivan Show, March 7, 1971",Jeannie C. Riley,3MIwMeYV8vmgQFbbRiJTp2,2025,Desconocido
Purple lace bra,Tate McRae,45dkTj5sMRSjrmBSBeiHym,2025,Desconocido
Willow - Live,Tamino,3IWdvItNhmdo282Wwp0CwH,2025,Desconocido
Miss possessive,Tate McRae,45dkTj5sMRSjrmBSBeiHym,2025,Desconocido
Pop n Olive,Samara Cyn,4nqQTosM2Mbg7iRjvJU0N0,2025,Desconocido
Dear god,Tate McRae,45dkTj5sMRSjrmBSBeiHym,2025,Desconocido
Gaslighter - Live,Moira Dela Torre,0rZRTXEmmPmx6gt92tBqIc,2025,opm
Sports car,Tate McRae,45dkTj5sMRSjrmBSBeiHym,2025,Desconocido
Ghosts - Live,Moira Dela Torre,0rZRTXEmmPmx6gt92tBqIc,2025,opm
bloodonmyhands (feat. Flo Milli),Tate McRae,45dkTj5sMRSjrmBSBeiHym,2025,Desconocido
Ancient Light,I'm With Her,3oXddLOOjkoUuC2sX1RMdr,2025,bluegrass
I know love (feat. The Kid LAROI),Tate McRae,45dkTj5sMRSjrmBSBeiHym,2025,Desconocido
"Maya, Maya, Maya - Live From Middle Farm Studios / 2023",Maya Delilah,6TWEX2qTj9b0bBsXSVCMKM,2025,Desconocido
Sports car,Tate McRae,45dkTj5sMRSjrmBSBeiHym,2025,Desconocido
Spring Sings - Live,Ellie Holcomb,5hNiAUVPCTgcpy8vljCxzs,2025,christian folk
Signs,Tate McRae,45dkTj5sMRSjrmBSBeiHym,2025,Desconocido
"Tiptoe Through The Tulips - Live On The Ed Sullivan Show, July 26, 1964",Helen Shapiro,05kB8yh0Bbxj73qH63Ob3C,2025,northern soul
Like I do,Tate McRae,45dkTj5sMRSjrmBSBeiHym,2025,Desconocido
reprogram,Kilo Kish,7lsnwlX6puQ7lcpSEpJbZE,2025,alternative r&b
It's ok I'm ok,Tate McRae,45dkTj5sMRSjrmBSBeiHym,2025,Desconocido
Are U Still - Live,Leven Kali,5YZ5AExR68U3ZblH6HcO6B,2025,Desconocido
Greenlight,Tate McRae,45dkTj5sMRSjrmBSBeiHym,2025,Desconocido
Scratch My Brain (Interlude) (Visualizer),Elohim,6wKxOKEA3K6R2UZ3COLXEY,2025,Desconocido
Means I care,Tate McRae,45dkTj5sMRSjrmBSBeiHym,2025,Desconocido
Stay The Same - Live Session,Marti Perramon,5avtmEzkiV6g9YlnadEAAX,2025,Desconocido
