nombre,artista,id_artista,año,genero,genero_general
Just the Way You Are,Bruno Mars,0du5cEVh5yTK9QJze8zA0C,2010,pop,pop
Angels Cry,Mariah Carey,4iHNK0tOyZPYnBU7nGAgpQ,2010,christmas,pop
Only Girl (In The World),Rihanna,5pKCCKE2ajJHZ9KAiaK11H,2010,pop,pop
The Real Slim Shady - Edited,Eminem,7dGJo4pcD2V6oG8kP0tJRR,2010,rap,hip-hop
The Spins,Mac Miller,4LLpKhyESsyAXpc4laK94U,2010,hip-hop,hip-hop
Smooth Criminal,Michael Jackson,3fMbdgg4jU18AjLCKBhRSm,2010,pop,pop
S&M,Rihanna,5pKCCKE2ajJHZ9KAiaK11H,2010,pop,pop
Estuve a punto de - Entrevista,Miguel Bosé,7mWCSSOYqm4E9mB7V4ot6S,2010,latin pop,latino
DJ Got Us Fallin' In Love (feat. Pitbull),USHER,23zg3TcAtWQy7J6upgbUnj,2010,r&b,r&b
Alice,Avril Lavigne,0p4nmQO2msCgU4IF37Wi3j,2010,pop,pop
Marry You,Bruno Mars,0du5cEVh5yTK9QJze8zA0C,2010,pop,pop
Let You Go,Chase & Status,3jNkaOXasoc7RsxdchvEVq,2010,drum and bass,electrónica
Runaway,Kanye West,5K4W6rqBFWDnAN6FQUkS6x,2010,rap,hip-hop
Eu Sou O Samba - Live From Brazil/2010,Alexandre Pires,0Rrl4hJQjRAbGtiEwAqS5N,2010,pagode,samba
Love The Way You Lie,Eminem,7dGJo4pcD2V6oG8kP0tJRR,2010,rap,hip-hop
Find Your Love - Extended Version,Drake,3TVXtAsR1Inumwj472S9r4,2010,rap,hip-hop
"Hey, Soul Sister",Train,3FUY2gzHeIiaesXtOAdB7A,2010,soft pop,pop
The Fear,Lily Allen,13saZpZnCDWOI9D4IJhp1f,2010,pop,pop
Grenade,Bruno Mars,0du5cEVh5yTK9QJze8zA0C,2010,pop,pop
Guess I'm Doing Fine,Bob Dylan,74ASZWbe4lXaubB36ztrGX,2010,folk rock,rock
Memories (feat. Kid Cudi),David Guetta,1Cs0zKBU1kc0i8ypK3B9ai,2010,edm,electrónica
Politik Kills,Manu Chao,6wH6iStAh4KIaWfuhf0NYM,2010,latin alternative,latino
What You Know,Two Door Cinema Club,536BYVgOnRky0xjsPT96zl,2010,indie,indie
The Beautiful People - From Burlesque,Christina Aguilera,1l7ZsJRRS8wlW3WfJfPfNS,2010,pop,pop
Last Friday Night (T.G.I.F.),Katy Perry,6jJ0s89eD6GaHleKKya26X,2010,pop,pop
Teenage Dream,Katy Perry,6jJ0s89eD6GaHleKKya26X,2010,pop,pop
All Of The Lights,Kanye West,5K4W6rqBFWDnAN6FQUkS6x,2010,rap,hip-hop
Journey To Regionals Performance,Glee Cast,0SCbttzoZTnLFebDYmAWCm,2010,christmas,pop
TiK ToK,Kesha,6LqNN22kT3074XbTVUrhzX,2010,pop,pop
I Wanna Be Free - Short Edit,Voltaj,42gT1APXU1oJyVU2zZ3McB,2010,rock,rock
Sure Thing,Miguel,360IAlyVv4PCEVjgyMZrxK,2010,r&b,r&b
Chelsea Smile (Live in Mexico City),Bring Me The Horizon,1Ffb6ejR6Fe5IamqA5oRUF,2010,metalcore,metal
"Moves Like Jagger - Studio Recording From ""The Voice"" Performance",Maroon 5,04gDigrS5kc9YWfZHwBETP,2010,pop,pop
Mau Tapi Malu (with Maía),Gita Gutawa,4V1Io5SwSO4CwaUbgLMYvz,2010,indonesian pop,pop
Je te laisserai des mots,Patrick Watson,7bPs6jf983f0bjRAt1yxDM,2010,indie,indie
Bad,Michael Jackson,3fMbdgg4jU18AjLCKBhRSm,2010,pop,pop
Sexy Bitch (feat. Akon),David Guetta,1Cs0zKBU1kc0i8ypK3B9ai,2010,edm,electrónica
Alface - Ao vivo,Adriana Partimpim,3Tm1aSSPoM8fTDoYmWJt4t,2010,mpb,samba
Cooler Than Me - Single Mix,Mike Posner,2KsP6tYLJlTBvSUxnwlVWa,2010,pop,pop
Desce A Madeira - Ao Vivo,Parangolé,2v5eqze59fqRes2e5QVGhf,2010,pagode baiano,samba
POWER,Kanye West,5K4W6rqBFWDnAN6FQUkS6x,2010,rap,hip-hop
Wees Maar Niet Bang,Guus Meeuwis,72qVrKXRp9GeFQOesj0Pmv,2010,nederpop,pop
Talking to the Moon,Bruno Mars,0du5cEVh5yTK9QJze8zA0C,2010,pop,pop
Come Together,Michael Jackson,3fMbdgg4jU18AjLCKBhRSm,2010,pop,pop
Club Can't Handle Me (feat. David Guetta),Flo Rida,0jnsk9HBra6NMjO2oANoPY,2010,hip-hop,hip-hop
Speed Demon,Michael Jackson,3fMbdgg4jU18AjLCKBhRSm,2010,pop,pop
Raise Your Glass,P!nk,1KCSPY1glIKqW2TotWuXOR,2010,pop,pop
I've Come To Life,Edita,2CmCfAPJTWv8KQCs16s1RO,2010,pop,pop
Just Can’t Get Enough,Black Eyed Peas,1yxSLGMDHlW21z4YXirZDS,2010,hip-hop,hip-hop
Gorillaz: Journey to Plastic Beach,Gorillaz,3AA28KZvwAUcZuOKwyblJQ,2010,rock,rock
Give Me Everything (feat. Nayer),Pitbull,0TnOYISbd1XYRBk9myaseg,2011,latino,latino
Plastic Dreams 2003,JayDee,7KPJmQFgSlaOCgTzccTA01,2011,hip-hop,hip-hop
Titanium (feat. Sia),David Guetta,1Cs0zKBU1kc0i8ypK3B9ai,2011,edm,electrónica
Ballada o Janku Wisniewskim,Kazik,21gNCgi8Mt4VjkvxchTQJk,2011,rock,rock
Someone Like You,Adele,4dpARuHxo51G3z768sgnrY,2011,soft pop,pop
Eu Aposto - Ao Vivo,Eduardo Costa,2OUgs5INWK2UEvZ6amWiJr,2011,sertanejo,samba
Champagne Coast,Blood Orange,6LEeAFiJF8OuPx747e1wxR,2011,art pop,pop
Marry The Night,Lady Gaga,1HY2Jd0NmPuamShAr6KMms,2011,art pop,pop
We Found Love,Rihanna,5pKCCKE2ajJHZ9KAiaK11H,2011,pop,pop
¿Qué sería?,David Cavazos,1dsX2yN51RAijy5uceP5dA,2011,bolero,latino
Somebody That I Used To Know,Gotye,2AsusXITU8P25dlRNhcAbG,2011,indie,indie
たいせつな光 （なでしこver.）,fumika,4FPhimiDlyEUsTSMWAUrhG,2011,anime,k-pop
Levels - Radio Edit,Avicii,1vCWHaC5f2uS3yhpwWbIA6,2011,edm,electrónica
Del sur,Vargas Blues Band,3K6ueahyMBq96ZtDjo9LSn,2011,blues,blues
Pumped Up Kicks,Foster The People,7gP3bB2nilZXLfPHJhMdvc,2011,indie,indie
Die Zeit hält nur in Träumen an (Song),Peter Maffay,5W3s4beu23rOlseCbVOp4l,2011,schlager,pop
Paradise,Coldplay,4gzpq5DPGxSnKTe4SA8HAU,2011,alternative rock,rock
Run the World (Girls),Beyoncé,6vWDO969PvNqNYHIOW5v0m,2011,R&B,r&b
Set Fire to the Rain,Adele,4dpARuHxo51G3z768sgnrY,2011,soft pop,pop
No hay mañanas,Revolver,2SAPkzCWSR5iX7dE4hVcqB,2011,rock en español,rock
Rolling in the Deep,Adele,4dpARuHxo51G3z768sgnrY,2011,soft pop,pop
High Tide Or Low Tide: Save The Children's East Africa Fund,Bob Marley & The Wailers,2QsynagSdAqZj3U9HgDzjD,2011,reggae,reggae
Les,Childish Gambino,73sIBHcqh3Z3NyqHKZ7FOL,2011,hip-hop,hip-hop
Malam,Stereosoul,0ya5AesBm6CQeV4jJ0la0i,2011,electronic,electrónica
Novacane,Frank Ocean,2h93pZq0e7k5yf4dywlkpM,2011,R&B,r&b
"Crawling - Live from the iTunes Festival at the Roundhouse, London, England, 7/4/2011",Linkin Park,6XyY86QOPPrYVGvF9ch6wz,2011,nu metal,metal
International Love (feat. Chris Brown),Pitbull,0TnOYISbd1XYRBk9myaseg,2011,latino,latino
Train Of Love - Early Demo from Cash Bootleg Vol. II,Johnny Cash,6kACVPfCOnqzgfEF5ryl0x,2011,country,country
Heartbeat,Childish Gambino,73sIBHcqh3Z3NyqHKZ7FOL,2011,hip-hop,hip-hop
"Black and Yellow (feat. Juicy J, Snoop Dogg & T-Pain)",Wiz Khalifa,137W8MRPWKqSmrBGDBFSop,2011,rap,hip-hop
Midnight City,M83,63MQldklfxkjYDoUE4Tppz,2011,electronic,electrónica
Shipping Steel - Live at Manly Vale Hotel 1980,Cold Chisel,1VcbchGlIfo3Gylxc3F076,2011,rock,rock
Spectrum (Say My Name) - Calvin Harris Remix,Florence + The Machine,1moxjboGR7GNWYIMWsRjgG,2011,baroque pop,pop
Like A Rolling Stone (from Winterland),Jimi Hendrix,776Uo845nYHJpNaStv1Ds4,2011,psychedelic rock,rock
Ni**as In Paris,JAY-Z,3nFkdlSjzX9mRTtwJOzDYB,2011,hip hop,hip-hop
Хэндз ап!,Basta,7as5DY4Rz9jac9tgoTrj9H,2011,hip-hop,hip-hop
Work Out,J. Cole,6l3HvQ5sa6mXTsMTB19rO5,2011,rap,hip-hop
Quiero aire,Revolver,2SAPkzCWSR5iX7dE4hVcqB,2011,rock en español,rock
Headlines,Drake,3TVXtAsR1Inumwj472S9r4,2011,rap,hip-hop
Vespro della Beata Vergine: Laetatus Sum - Sonata sopra Sancta Maria - Pulchra Es - Dixit Dominus,Claudio Monteverdi,5iAhVgz6P8Nylxijb0C65v,2011,classical,clásica
No Church In The Wild,JAY-Z,3nFkdlSjzX9mRTtwJOzDYB,2011,hip hop,hip-hop
Soñé - Live,Zoé,6IdtcAwaNVAggwd6sCKgTI,2011,rock en español,rock
Domino,Jessie J,2gsggkzM5R49q6jpPvazou,2011,pop,pop
Problemas,Ana Carolina,4HP9KltldfmkH2M2pQozzN,2011,mpb,samba
On The Floor,Jennifer Lopez,2DlGxzQSjYe5N6G9nkYghR,2011,pop,pop
World of Glory with JOE INOUE,TOTALFAT,2Bxu9stwgeIGzYeTNRicKE,2011,melodic hardcore,metal
Shake It Out,Florence + The Machine,1moxjboGR7GNWYIMWsRjgG,2011,baroque pop,pop
Tonight (I'm F****** You),Enrique Iglesias,7qG3b048QCHVRO5Pv1T5lw,2011,latin pop,latino
Galway Girl,Mundy,5KxKApyBL5ZQaz7bAvGaHR,2011,folk,folk
La Mané - Version Mexico,CantaJuego,1A4041ctH86ZE5rFqr0Poe,2011,lullaby,Otros
Timber,Pitbull,0TnOYISbd1XYRBk9myaseg,2012,latino,latino
Thoda Thoda,Shreya Ghoshal,0oOet2f43PA68X5RxKobEy,2012,bollywood,bollywood
Can't Hold Us (feat. Ray Dalton),Macklemore,3JhNCzhSMTxs9WLGJJxWOY,2012,hip-hop,hip-hop
Bede Z Toba,Lemon,3GqZI2mcDNtrVB8pRP61Tu,2012,post-disco,dance
Locked out of Heaven,Bruno Mars,0du5cEVh5yTK9QJze8zA0C,2012,pop,pop
"Pani Da Rang (From ""Vicky Donor"") - Male Vocals",Abhishek - Akshay,3hbbfkU5rc1rhxiaE18JQg,2012,bollywood,bollywood
Ho Hey,The Lumineers,16oZKvXb6WkQlVAjwo2Wbg,2012,folk pop,folk
Let Me Love You (Until You Learn To Love Yourself) - Director's Cut (Explicit),Ne-Yo,21E3waRsmPlU7jZsS13rcj,2012,R&B,r&b
Money Trees,Kendrick Lamar,2YZyLoL8N0Wb9xBt1NhZWg,2012,hip hop,hip-hop
Lågsus (feat. Medina),Specktors,36Na2YYP8im6qQJBZu2fsa,2012,hip-hop,hip-hop
Stubborn Love,The Lumineers,16oZKvXb6WkQlVAjwo2Wbg,2012,folk pop,folk
Hardkor i disko,Sofa,27JQGGtjn9Czzx34UHoxMP,2012,post-rock,rock
Little Talks,Of Monsters and Men,4dwdTW1Lfiq0cM8nBAqIIz,2012,folk pop,folk
Losing You,Revolver,2SAPkzCWSR5iX7dE4hVcqB,2012,rock en español,rock
Lost,Frank Ocean,2h93pZq0e7k5yf4dywlkpM,2012,R&B,r&b
"Rum Whisky (From ""Vicky Donor"")",Abhishek - Akshay,3hbbfkU5rc1rhxiaE18JQg,2012,bollywood,bollywood
Drive By,Train,3FUY2gzHeIiaesXtOAdB7A,2012,soft pop,pop
Magia - Intro,Maluma,1r4hJ1h58CWwUQe3MxPuau,2012,reggaeton,latino
Feel So Close - Radio Edit,Calvin Harris,7CajNmpbOovFoOoasH2HaY,2012,edm,electrónica
Wind Song,Revolver,2SAPkzCWSR5iX7dE4hVcqB,2012,rock en español,rock
When I Was Your Man,Bruno Mars,0du5cEVh5yTK9QJze8zA0C,2012,pop,pop
Guiding Light,Mark Wonder,7bVL3LNPkn7Lqbt0JSVQSu,2012,reggae,reggae
Video Games,Lana Del Rey,00FQb4jTyendYWaN8pK0wa,2012,indie pop,indie
"He Touched Me - Live At Majestic Theatre, San Antonio, TX/2009",Gaither Vocal Band,0pjLiK5qb4Zr0PWRNkdd2o,2012,southern gospel,blues
I Will Wait,Mumford & Sons,3gd8FJtBJtkRxdfbTu19U2,2012,folk,folk
Ayaş Kalsın Sizlere / Ekin Ektim Düzlere,Mehmet Demirtaş,7fS4b00IU7XxRQZzJL6c7W,2012,oyun havasi,Otros
Hall of Fame (feat. will.i.am),The Script,3AQRLZ9PuTAozP28Skbq8V,2012,pop rock,rock
Love In Any Language - Live,Bill & Gloria Gaither,11sAWrpIkFUPQlXoQqpeBV,2012,southern gospel,blues
Stay,Rihanna,5pKCCKE2ajJHZ9KAiaK11H,2012,pop,pop
The Sick Note,The Dubliners,72RvmgEg2omdlMV9aExO6a,2012,celtic,Otros
Thinkin Bout You,Frank Ocean,2h93pZq0e7k5yf4dywlkpM,2012,R&B,r&b
Serpentyny i mydlane bańki,Sofa,27JQGGtjn9Czzx34UHoxMP,2012,post-rock,rock
Call Me Maybe,Carly Rae Jepsen,6sFIWsNpZYqfjUpaCgueju,2012,pop,pop
"Diamonds On The Soles Of Her Shoes - from The African Concert, 1987",Paul Simon,2CvCyf1gEVhI0mX6aFXmVI,2012,singer-songwriter,Otros
Summertime Sadness,Lana Del Rey,00FQb4jTyendYWaN8pK0wa,2012,indie pop,indie
Magic (feat. T.I.),Future,1RyvyyTE3xzB2ZywiAwp0i,2012,rap,hip-hop
Demons,Imagine Dragons,53XhwfbYqKCa1cC15pYq2q,2012,alternative rock,rock
アルタイル,秦 基博 meets 坂道のアポロン,6zbJYUN1FfUnEUAJpLHwCD,2012,j-pop,k-pop
Classic,MKTO,2l35CQqtYRh3d8ZIiBep4v,2012,pop,pop
Така ми говори,Kali,0j4z7kUnuRChYom1rytlQY,2012,hip-hop,hip-hop
Wild Ones (feat. Sia),Flo Rida,0jnsk9HBra6NMjO2oANoPY,2012,hip-hop,hip-hop
When We Don't Exist Reissue (Learn Your Place),Like Moths To Flames,6RRpZz1uPqY9E28kmSPAhw,2012,metalcore,metal
Starships,Nicki Minaj,0hCNtLu0JehylgoiP8L4Gh,2012,hip-hop,hip-hop
I Love It (feat. Charli XCX),Icona Pop,1VBflYyxBhnDc9uVib98rw,2012,electropop,pop
Try,P!nk,1KCSPY1glIKqW2TotWuXOR,2012,pop,pop
"Arráncame - Directo - Ven, siéntate y me lo cuentas ...",Vanesa Martín,5kSJMVPcTITrSZxTrHllVN,2012,flamenco pop,flamenco
Feel This Moment (feat. Christina Aguilera),Pitbull,0TnOYISbd1XYRBk9myaseg,2012,latino,latino
HYFR (Hell Ya F***ing Right),Drake,3TVXtAsR1Inumwj472S9r4,2012,rap,hip-hop
What Makes You Beautiful,One Direction,4AK6F7OLvEQ5QYCBNiQWHq,2012,pop,pop
Bleeding Hearts Club,P.O.S,4sH7SLGP6BLOYDtcP6Lm47,2012,experimental hip hop,hip-hop
Wake Me Up,Avicii,1vCWHaC5f2uS3yhpwWbIA6,2013,edm,electrónica
Bede Z Toba - Hangout Live,Lemon,3GqZI2mcDNtrVB8pRP61Tu,2013,post-disco,dance
Another Love,Tom Odell,2txHhyCwHjUEpJjWrEyqyX,2013,indie pop,indie
Byłem (feat. As),Pezet,4z93wkjfGntA0XFqnv4wj7,2013,hip-hop,hip-hop
Story of My Life,One Direction,4AK6F7OLvEQ5QYCBNiQWHq,2013,pop,pop
My Love a Piece of My Love (feat. Snoop Dogg),Abel The Kid,1jFW8Qk6mMFADyD1dbiry2,2013,hip-hop,hip-hop
LoveHate Thing (feat. Sam Dew),Wale,67nwj3Y5sZQLl72VNUHEYE,2013,hip-hop,hip-hop
25 ปี (มีหวัง),พงษ์สิทธิ์ คำภีร์,0lEc37ck2MW2K9L8wV7QpP,2013,phleng phuea chiwit,folk
I Wanna Be Yours,Arctic Monkeys,7Ln80lUS6He07XvHI8qqHH,2013,indie,indie
Red Light (feat. Snoop Lion),Eddie Murphy,1Zq8pfBl4ejCMrWdeAdphc,2013,comedy,Otros
Counting Stars,OneRepublic,5Pwc4xIPtQLFEnJriah9YJ,2013,soft pop,pop
Cups (Pitch Perfect’s “When I’m Gone”) - Director's Cut / Closed-Captioned,Anna Kendrick,6xfqnpe2HnLVUaYXs2F8YS,2013,children's music,Otros
Do I Wanna Know?,Arctic Monkeys,7Ln80lUS6He07XvHI8qqHH,2013,indie,indie
Tantinho - Ao Vivo,Daniel,2wwWukJBsCikjlj7vlbQkM,2013,sertanejo tradicional,samba
Sweater Weather,The Neighbourhood,77SW9BnxLY8rJ0RciFqkHh,2013,indie rock,indie
San Pedro - Enjoy,Revolver,2SAPkzCWSR5iX7dE4hVcqB,2013,rock en español,rock
No. 1 Party Anthem,Arctic Monkeys,7Ln80lUS6He07XvHI8qqHH,2013,indie,indie
Nice,Lemon,3GqZI2mcDNtrVB8pRP61Tu,2013,post-disco,dance
Latch,Disclosure,6nS5roXSAGhTGr34W6n7Et,2013,house,electrónica
"Es lo que es, hay lo que hay - Enjoy",Revolver,2SAPkzCWSR5iX7dE4hVcqB,2013,rock en español,rock
Young And Beautiful,Lana Del Rey,00FQb4jTyendYWaN8pK0wa,2013,indie pop,indie
Heart-Shaped Box - Director's Cut,Nirvana,6olE6TJLqED3rqDCT0FyPh,2013,grunge,rock
All of Me,John Legend,5y2Xq6xcjJb2jVM54GHK3t,2013,soft pop,pop
Stormy Wagner (Live),Apocalyptica,4Lm0pUvmisUHMdoky5ch2I,2013,symphonic metal,metal
Stolen Dance,Milky Chance,1hzfo8twXdOegF3xireCYs,2013,indie pop,indie
Tú y yo - Enjoy,Revolver,2SAPkzCWSR5iX7dE4hVcqB,2013,rock en español,rock
Why'd You Only Call Me When You're High?,Arctic Monkeys,7Ln80lUS6He07XvHI8qqHH,2013,indie,indie
Wrecking Ball - Director's Cut,Miley Cyrus,5YGY8feqx7naU7z4HrwZM6,2013,pop,pop
Bound 2,Kanye West,5K4W6rqBFWDnAN6FQUkS6x,2013,rap,hip-hop
Girls,Santigold,6Jrxnp0JgqmeUX1veU591p,2013,alternative,indie
Pompeii,Bastille,7EQ0qTo7fWT7DPxmxtSYEc,2013,indie pop,indie
Rock mi,voXXclub,1MTZLkTHs5s3jUV5ezuSIu,2013,schlager,pop
Ribs,Lorde,163tK9Wjr9P9DmM0AVK7lm,2013,indie pop,indie
เมื่อไหร่จะได้พบเธอ,เต้ ภูริต ภิรมย์ภักดี,50Oc6oBw5HK4iSn03rf5un,2013,thai pop,k-pop
Hey Brother,Avicii,1vCWHaC5f2uS3yhpwWbIA6,2013,edm,electrónica
Estou Apaixonado (Estoy Enamorado) - Ao Vivo,Daniel,2wwWukJBsCikjlj7vlbQkM,2013,sertanejo tradicional,samba
La La La,Naughty Boy,1bT7m67vi78r2oqvxrP3X5,2013,pop,pop
"Hello, My Name Is - Live",Matthew West,6e8OTLDQpaz1Tl2GEaxsNj,2013,christian,Otros
Cigarette Daydreams,Cage The Elephant,26T3LtbuGT1Fu9m0eRq5X3,2013,modern rock,rock
Dos Por Dos - (con Miguel Rios)Enjoy,Revolver,2SAPkzCWSR5iX7dE4hVcqB,2013,rock en español,rock
Let Her Go,Passenger,0gadJ2b9A4SKsB1RFkBb66,2013,folk pop,folk
No va más - Enjoy,Revolver,2SAPkzCWSR5iX7dE4hVcqB,2013,rock en español,rock
Still into You,Paramore,74XFHRwlV6OrjEM0A2NCMF,2013,pop punk,rock
Si no hubiera que correr - Enjoy,Revolver,2SAPkzCWSR5iX7dE4hVcqB,2013,rock en español,rock
All I Want,Kodaline,4BxCuXFJrSWGi1KHcVqaU4,2013,indie pop,indie
Tierra baldía - Enjoy,Revolver,2SAPkzCWSR5iX7dE4hVcqB,2013,rock en español,rock
i was all over her,salvia palth,0pg0Zm8FsGAYy5kdHuBnSo,2013,slowcore,metal
ใจเอย,สน ยุกต์,5W5jAowtGGqwzcr8DacSiS,2013,thai pop,k-pop
I Love It (feat. Charli XCX),Icona Pop,1VBflYyxBhnDc9uVib98rw,2013,electropop,pop
Invisibili,Ape Escape,1NAHhp8bXPXpygZRqRdt2i,2013,jungle,electrónica
A Sky Full of Stars,Coldplay,4gzpq5DPGxSnKTe4SA8HAU,2014,alternative rock,rock
"Cheri Cheri Lady (Peters Pop-Show 30.11.1985) - Live from Peters Pop Show, 1985",Modern Talking,79bxUQsBIXO8nVLB9fYKf7,2014,italo disco,dance
Take Me To Church,Hozier,2FXC3k01G6Gw61bmprjgqS,2014,indie folk,folk
"You Can Win If You Want (Wetten, dass...? 18.05.1985) - Live from Wetten, dass...?, 1985",Modern Talking,79bxUQsBIXO8nVLB9fYKf7,2014,italo disco,dance
Do I Wanna Know? - Live At the BBC,Hozier,2FXC3k01G6Gw61bmprjgqS,2014,indie folk,folk
"Atlantis Is Calling (Na, sowas! 17.05.1986) - Live from Na, sowas!, 1986",Modern Talking,79bxUQsBIXO8nVLB9fYKf7,2014,italo disco,dance
Someone New,Hozier,2FXC3k01G6Gw61bmprjgqS,2014,indie folk,folk
"Geronimo's Cadillac (Peters Pop-Show 06.12.1986) - Live from Peters Pop-Show, 1986",Modern Talking,79bxUQsBIXO8nVLB9fYKf7,2014,italo disco,dance
Shut Up and Dance,WALK THE MOON,6DIS6PRrLS3wbnZsf7vYic,2014,indie pop,indie
"You Are Not Alone (Wetten, dass...? 20.02.1999) - Live from Wetten, dass...?, 1999",Modern Talking,79bxUQsBIXO8nVLB9fYKf7,2014,italo disco,dance
Work Song,Hozier,2FXC3k01G6Gw61bmprjgqS,2014,indie folk,folk
Iré tras de ti,Mr.,5yocZHV4puj9QHb4xAXAtL,2014,cantopop,pop
Budapest,George Ezra,2ysnwxxNtSgbb9t1m2Ur4j,2014,indie folk,folk
Il fait chaud,Patrick Sébastien,6EnaTzKZRHzVO1Meqoh1hJ,2014,variété française,Otros
Night Changes,One Direction,4AK6F7OLvEQ5QYCBNiQWHq,2014,pop,pop
G.U.Y. - An ARTPOP Film,Lady Gaga,1HY2Jd0NmPuamShAr6KMms,2014,art pop,pop
No Role Modelz,J. Cole,6l3HvQ5sa6mXTsMTB19rO5,2014,rap,hip-hop
Fragile (Director's Cut),Tech N9ne,6UBA15slIuadJ8h2lPRPos,2014,horrorcore,metal
Time of Our Lives,Pitbull,0TnOYISbd1XYRBk9myaseg,2014,latino,latino
Smile,Abel The Kid,1jFW8Qk6mMFADyD1dbiry2,2014,hip-hop,hip-hop
From Eden,Hozier,2FXC3k01G6Gw61bmprjgqS,2014,indie folk,folk
"Heaven Will Know (Peters Pop-Show 30.11.1985) - Live from Peters Pop Show, 1985",Modern Talking,79bxUQsBIXO8nVLB9fYKf7,2014,italo disco,dance
Lovers Rock,TV Girl,0Y6dVaC9DZtPNH4591M42W,2014,indie pop,indie
好不好,Evan Yo,7JY6f7uRdLtKSHbHlQXduV,2014,mandopop,pop
Photograph,Ed Sheeran,6eUKZXaKkcviH0Ku9w2n3V,2014,soft pop,pop
Welcome to the Black Parade - Outtake Version,My Chemical Romance,7FBcuc1gsnv6Y1nwFtNRCb,2014,emo,rock
Riptide,Vance Joy,10exVja0key0uqUkk6LJRT,2014,folk pop,folk
Live Forever,Oasis,2DaxqgrOhkeH0fpeiQq2f4,2014,britpop,pop
My Love,Route 94,1dgdvbogmctybPrGEcnYf6,2014,house,electrónica
"Muskurane (Film Version) [From ""Citylights""]",Jeet Gannguli,2kkQthS9OLpK4UqNWYqoVl,2014,bangla pop,bollywood
Summer,Calvin Harris,7CajNmpbOovFoOoasH2HaY,2014,edm,electrónica
"Cloud 9 - From ""Cloud 9"" / Original TV Movie Soundtrack",Dove Cameron,2W8yFh0Ga6Yf3jiayVxwkE,2014,pop,pop
The Nights,Avicii,1vCWHaC5f2uS3yhpwWbIA6,2014,edm,electrónica
Kruhy,Lipo,1EYzuEr3XibJHhM7k60C7Y,2014,electronic,electrónica
Blame It on Me,George Ezra,2ysnwxxNtSgbb9t1m2Ur4j,2014,indie folk,folk
Magie / 24H,Kurdo,1yIifIA91WgmfzBcjbQB8i,2014,german hip hop,hip-hop
Waves - Robin Schulz Radio Edit,Mr. Probz,33W1pnW9zScZtYTnAoWnOT,2014,pop,pop
Addicted To You - Live,Avicii,1vCWHaC5f2uS3yhpwWbIA6,2014,edm,electrónica
Fireball (feat. John Ryan),Pitbull,0TnOYISbd1XYRBk9myaseg,2014,latino,latino
All By Myself (ZDF Tele-Illustrierte 17.01.1989) - VOD,Peter Hofmann,4efGIkUGWK4Z4LvG9XKULG,2014,opera,clásica
One Last Time,Ariana Grande,66CXWjxzNUsdJxJ2JdwvnR,2014,pop,pop
Main Chick REMIX (feat. Chris Brown & Tyga),Kid Ink,6KZDXtSj0SzGOV705nNeh3,2014,hip-hop,hip-hop
Outside (feat. Ellie Goulding),Calvin Harris,7CajNmpbOovFoOoasH2HaY,2014,edm,electrónica
My Girl (feat. Trevor Jackson),Diggy,2LuUALONla8DJRSCiGONBp,2014,hip-hop,hip-hop
Shake It Off,Taylor Swift,06HL4z0CvFAxyc27GXpf02,2014,pop,pop
"You're My Heart, You're My Soul (ZDF Tele-Illustrierte 02.01.1985) - Live from ZDF Tele-Illustrierte, 1985",Modern Talking,79bxUQsBIXO8nVLB9fYKf7,2014,italo disco,dance
Wet Dreamz,J. Cole,6l3HvQ5sa6mXTsMTB19rO5,2014,rap,hip-hop
"Verlieben, verloren, vergessen, verzeih'n (ZDF Länderjournal 31.03.1992) - VOD",Wolfgang Petry,0JLbfIT1Z20raMAVYWtCD7,2014,schlager,pop
Riptide,Vance Joy,10exVja0key0uqUkk6LJRT,2014,folk pop,folk
White Crime,Lil Dicky,1tqhsYv8yBBdwANFNzHtcr,2014,hip-hop,hip-hop
The Night We Met,Lord Huron,6ltzsmQQbmdoHHbLZ4ZN25,2015,indie folk,folk
言葉のいらない約束,sana,5vsQrdvs38LX8DmUmLUiwb,2015,j-pop,k-pop
"White Noise Sleeping Aid to Help My Baby Fall Asleep, Sleep Through the Night",White Noise Baby Sleep,4W12lEvVl5wectUtRNrvDh,2015,ambient,ambient
Дождь (feat. МакSим),Geegun,5W7N6u4EjCEMKj7bDyzPEC,2015,hip-hop,hip-hop
Tennessee Whiskey,Chris Stapleton,4YLtscXsxbVgi031ovDDdh,2015,country,country
你和我的時光,A-Mei Chang,6noxsCszBEEK04kCehugOp,2015,mandopop,pop
The Less I Know The Better,Tame Impala,5INjqkS1o8h1imAzPqGZBb,2015,indie,indie
ONE FOR YOU into the world,Alisa Takigawa,6fvp9HPqOxcYd7PgyKPF4e,2015,anime,k-pop
Hold Back The River,James Bay,4EzkuveR9pLvDVFNx6foYD,2015,indie pop,indie
Wenn du nicht mehr da bist (ZDF Disco 22.11.1982),Rex Gildo,1bgbFPzGjOOXdvg9XKWe39,2015,schlager,pop
Adventure of a Lifetime,Coldplay,4gzpq5DPGxSnKTe4SA8HAU,2015,alternative rock,rock
"Deine Freundin - Live In Berlin, Germany / 2014",SDP,1EfwyuCzDQpCslZc8C9gkG,2015,german pop,pop
Let It Go,James Bay,4EzkuveR9pLvDVFNx6foYD,2015,indie pop,indie
On & Off,Fem Fel,61NJMGxlvjOHmWCuJn13sc,2015,hip-hop,hip-hop
Uptown Funk (feat. Bruno Mars),Mark Ronson,3hv9jJF3adDNsBSIQDqcjp,2015,pop,pop
"Igor Levit über ""Bach, Beethoven, Rzewski""",Frederic Rzewski,1kt7FN4DSyZUkiSMRx0XE8,2015,avant-garde,Otros
When We Were Young,Adele,4dpARuHxo51G3z768sgnrY,2015,soft pop,pop
The Florian Trilogy (Cloud Rider - Mothertrucker - Feed Your Head),Paul Kalkbrenner,0rasA5Z5h1ITtHelCpfu9R,2015,minimal techno,electrónica
Cheerleader (Felix Jaehn Remix) - Radio Edit,OMI,5MouCg6ta7zAxsfMEbc1uh,2015,pop,pop
How Long Has This Been Going On EPK,Van Morrison,44NX2ffIYHr6D4n7RaZF7A,2015,rock,rock
Hymn for the Weekend,Coldplay,4gzpq5DPGxSnKTe4SA8HAU,2015,alternative rock,rock
"Acte I, Athos ""Les 3 Mousquetaires""",Les 3 mousquetaires,0HRGajTZLkDHtBzkalLKW6,2015,french pop,pop
Waiting For Love,Avicii,1vCWHaC5f2uS3yhpwWbIA6,2015,edm,electrónica
Rasta Freedom,Naptali,4UyRfsWJwORMVCcWqw3Nov,2015,reggae,reggae
FourFiveSeconds,Rihanna,5pKCCKE2ajJHZ9KAiaK11H,2015,pop,pop
When The Whip Comes Down - Live,The Rolling Stones,22bE4uQ6baNwSHPVcDxLCe,2015,classic rock,rock
Love Yourself,Justin Bieber,1uNFoZAHBGtllmzznpCI3s,2015,pop,pop
"Piano Concerto No. 2 in C Minor, Op. 18 (Excerpt)",Sergei Rachmaninoff,0Kekt6CKSo0m5mivKcoH51,2015,classical,clásica
Again,Fetty Wap,6PXS4YHDkKvl1wkIl4V8DL,2015,hip-hop,hip-hop
Richter: Dream 13 (minus even) - Radio Edit,Max Richter,2VZNmg4vCnew4Pavo8zDdW,2015,neoclassical,clásica
Alright,Kendrick Lamar,2YZyLoL8N0Wb9xBt1NhZWg,2015,hip hop,hip-hop
Światła drogowe - Piosenki dla dzieci,Centrum Uśmiechu,3ex29VTrLC0wmJJWaJDzzt,2015,children's music,Otros
Love In The Dark,Adele,4dpARuHxo51G3z768sgnrY,2015,soft pop,pop
Ubi Caritas (Live) - Abbey Road x Decca Classics Sessions,Ola Gjeilo,29lbSb4ujaVH5pHnQjFT0G,2015,choral,clásica
Sorry,Justin Bieber,1uNFoZAHBGtllmzznpCI3s,2015,pop,pop
9 Shots,50 Cent,3q7HBObVc0L8jNeTe5Gofh,2015,east coast hip hop,hip-hop
Daddy Issues,The Neighbourhood,77SW9BnxLY8rJ0RciFqkHh,2015,indie rock,indie
Smooth Sailin' - Live,Leon Bridges,3qnGvpP8Yth1AqSBMqON5x,2015,retro soul,blues
Stitches,Shawn Mendes,7n2wHs1TKAczGzO7Dd2rGr,2015,pop,pop
Au revoir (ZDF-Fernsehgarten 7.12.2014) - VOD,Mark Forster,7qXzy6c5RWT0XlVQcOBIDG,2015,german pop,pop
Payphone,Maroon 5,04gDigrS5kc9YWfZHwBETP,2015,pop,pop
Cava Cava Parte 2 (feat. Don Pixote),Edi Rock,2fYAyTS2erZgqEHKHYqgi2,2015,brazilian hip hop,hip-hop
"Everyday (feat. Rod Stewart, Miguel & Mark Ronson)",A$AP Rocky,13ubrt8QOOCPljQ2FL1Kca,2015,rap,hip-hop
Flash mich (ZDF-Fernsehgarten 7.12.2014) - VOD,Mark Forster,7qXzy6c5RWT0XlVQcOBIDG,2015,german pop,pop
What Do You Mean?,Justin Bieber,1uNFoZAHBGtllmzznpCI3s,2015,pop,pop
Cry in the Rain,Ain't No Love,45pMDC55lqAwQ0j8KMU20l,2015,R&B,r&b
The Hills,The Weeknd,1Xyo4u8uXC1ZmMpatF05PJ,2015,R&B,r&b
Freibierotto (ZDF-Fernsehgarten 21.09.2014) - VOD,Dorfrocker,5jvJoybRSHYAlPYyz6cnOd,2015,schlagerparty,pop
King,Olly Alexander (Years & Years),5vBSrE1xujD2FXYRarbAXc,2015,electropop,pop
Shockwave Supernova - On Peregrine Wings (teaser),Joe Satriani,2yzxX2DI9LFK8VFTyW2zZ8,2015,rock,rock
White Ferrari,Frank Ocean,2h93pZq0e7k5yf4dywlkpM,2016,R&B,r&b
"Ee Khalbitha (From ""IDI"")",Rahul Raj,4kbWDG96QZ2HkyVl9l1EmL,2016,mollywood,bollywood
Pink + White,Frank Ocean,2h93pZq0e7k5yf4dywlkpM,2016,R&B,r&b
Milion słów,Jula,4rgBQ3VAi6oBXB33OfkG3c,2016,pop,pop
One Dance,Drake,3TVXtAsR1Inumwj472S9r4,2016,rap,hip-hop
God Is Gangsta,Kendrick Lamar,2YZyLoL8N0Wb9xBt1NhZWg,2016,hip hop,hip-hop
Ivy,Frank Ocean,2h93pZq0e7k5yf4dywlkpM,2016,R&B,r&b
Cliff's Edge,Hayley Kiyoko,3LjhVl7GzYsza1biQjTpaN,2016,pop,pop
Ophelia,The Lumineers,16oZKvXb6WkQlVAjwo2Wbg,2016,folk pop,folk
M A N I A,The Weeknd,1Xyo4u8uXC1ZmMpatF05PJ,2016,R&B,r&b
Love On The Brain,Rihanna,5pKCCKE2ajJHZ9KAiaK11H,2016,pop,pop
Von Heinz zu Heinz (Folge 2: NDW),Heinz Rudolf Kunze,77DQHftPzPyCoqSDjdHDxJ,2016,neue deutsche welle,rock
Into You,Ariana Grande,66CXWjxzNUsdJxJ2JdwvnR,2016,pop,pop
Famous,Kanye West,5K4W6rqBFWDnAN6FQUkS6x,2016,rap,hip-hop
Starboy,The Weeknd,1Xyo4u8uXC1ZmMpatF05PJ,2016,R&B,r&b
Dancing On My Own - 1 Mic 1 Take,Calum Scott,6ydoSd3N2mwgwBHtF6K7eX,2016,soft pop,pop
That's What I Like,Bruno Mars,0du5cEVh5yTK9QJze8zA0C,2016,pop,pop
Tabarnak,Volo,4FArNa27sFKE9jn64eB29C,2016,hip-hop,hip-hop
Closer,The Chainsmokers,69GGBxA162lTqCwzJG5jLp,2016,edm,electrónica
Любовь-наркоз (feat. Стас Михайлов),Geegun,5W7N6u4EjCEMKj7bDyzPEC,2016,hip-hop,hip-hop
Cigarettes out the Window,TV Girl,0Y6dVaC9DZtPNH4591M42W,2016,indie pop,indie
Blow Your Mind (Mwah) - BRITs 2017 Critics Choice Session,Dua Lipa,6M2wZ9GZgrQXHCFfjv46we,2016,pop,pop
Real Love Baby,Father John Misty,2kGBy2WHvF0VdZyqiVCkDT,2016,chamber pop,pop
FIRE,BTS,3Nrfpe0tUJi4K4DXYWgMUX,2016,k-pop,k-pop
Say You Won't Let Go,James Arthur,4IWBUUAFIplrNtaOHcJPRM,2016,soft pop,pop
Bad Things,MGK,0jn47ZZH4HhX8JIGJUWSr0,2016,hip-hop,hip-hop
Unstoppable,Sia,5WUlDfRSoLAfcVSX1WnrxN,2016,pop,pop
"Technicolour Beat - Live At The Pool, London",Oh Wonder,5cIc3SBFuBLVxJz58W2tU9,2016,indie pop,indie
You're Welcome,Dwayne Johnson,1T8S48bD91THNKBByWBDyn,2016,pop,pop
Wake Up (A Fashion Film),DAWN,4pMR7nP5TU2AmaBiXpQPUW,2016,pop,pop
I Took A Pill In Ibiza - Seeb Remix,Mike Posner,2KsP6tYLJlTBvSUxnwlVWa,2016,pop,pop
Euthanasia - Live,Adam French,3bKSSHfw4sQ9YCjJe1V1c5,2016,indie pop,indie
Father Stretch My Hands Pt. 1,Kanye West,5K4W6rqBFWDnAN6FQUkS6x,2016,rap,hip-hop
Wenn du mich suchst - Filtr Sessions,Jördis Tielsch,7EMBsP1yAGkfqjNYRJsvLE,2016,german pop,pop
Not Allowed,TV Girl,0Y6dVaC9DZtPNH4591M42W,2016,indie pop,indie
Why Don't You Bring Me Flowers?,Roxette,2SHhfs4BiDxGQ3oxqf0UHY,2016,pop rock,rock
goosebumps,Travis Scott,0Y5tJX1MQlPlqiwlOH1tJY,2016,rap,hip-hop
Egal (feat. Louis Held),LINA,3YPpKFZGAT0O8SJca2Aaj8,2016,german pop,pop
Greenlight (feat. Flo Rida & LunchMoney Lewis),Pitbull,0TnOYISbd1XYRBk9myaseg,2016,latino,latino
Cold Little Heart - Live Session,Michael Kiwanuka,0bzfPKdbXL5ezYW2z3UGQj,2016,soul,blues
Redbone,Childish Gambino,73sIBHcqh3Z3NyqHKZ7FOL,2016,hip-hop,hip-hop
Babylon,DJ Zet,6BgfcZBGkrq9yIrYTrUneA,2016,electronic,electrónica
Low Life (feat. The Weeknd),Future,1RyvyyTE3xzB2ZywiAwp0i,2016,rap,hip-hop
這是最後一次,R-chord,5XkrVVn0lQIVPkH55nbTgZ,2016,mandopop,pop
Let Me Love You,DJ Snake,540vIaP2JwjQb9dm3aArA4,2016,edm,electrónica
Last Christmas (Pudding Remix) [Official Video],Wham!,5lpH0xAS4fVfLkACg9DAuM,2016,christmas,pop
Are You With Me,Lost Frequencies,7f5Zgnp2spUuuzKplmRkt7,2016,tropical house,electrónica
Traditional: The Lost Songs Of St. Kilda: Hirta,Traditional,1U5zgr455OGyIkLNXvDdrf,2016,medieval,Otros
Never Be Like You,Flume,6nxWCVXbOlEVRexSbLsTer,2016,future bass,electrónica
女孩妳知道嗎,R-chord,5XkrVVn0lQIVPkH55nbTgZ,2016,mandopop,pop
See You Again (feat. Kali Uchis),"Tyler, The Creator",4V8LLVI7PbaPR0K2TGSxFF,2017,hip-hop,hip-hop
I'm Better (feat. Lamb),Missy Elliott,2wIVse2owClT7go1WT98tk,2017,hip hop,hip-hop
Brazil,Declan McKenna,2D4FOOOtWycb3Aw9nY5n3c,2017,indie pop,indie
Hate to Love (feat. Jamie T),Beatsteaks,79qRD2IfSr3pmuYUficMWX,2017,rock,rock
HUMBLE.,Kendrick Lamar,2YZyLoL8N0Wb9xBt1NhZWg,2017,hip hop,hip-hop
Matador (feat. Tommy),CAPO,5y9wg9qkGBl0n9v9RzaPKu,2017,german hip hop,hip-hop
Something Just Like This,The Chainsmokers,69GGBxA162lTqCwzJG5jLp,2017,edm,electrónica
Pictures of You,Sonny Smith,5nr3ZvVzCvk4P5kPr5hJ0X,2017,indie,indie
Evergreen,Richy Mitch & The Coal Miners,4qU7IJSReZnsLy5907Mtau,2017,indie,indie
Downtown,Anitta,7FNnA9vBm6EKceENgCGRMb,2017,brazilian pop,pop
When It Rains It Pours,Luke Combs,718COspgdWOnwOFpJHRZHS,2017,country,country
Stronger Together,Paul van Dyk,7wU1naftD3lNq7rNsiDvOR,2017,trance,electrónica
Lush Life,Zara Larsson,1Xylc3o4UrD53lo9CvFvVg,2017,pop,pop
Inquilina - Ao Vivo,Aviões do Forró,4mnhyGRAuExTL4J0soT4za,2017,forró,samba
This Town,Niall Horan,1Hsdzj7Dlq2I7tHP7501T4,2017,pop,pop
一晃眼,衛蘭,1N7pgE45pK09PFLXnhpT65,2017,cantopop,pop
Unforgettable,French Montana,6vXTefBL93Dj5IqAWq6OTv,2017,hip-hop,hip-hop
Ohne dieses Gefühl - Live,LINA,3YPpKFZGAT0O8SJca2Aaj8,2017,german pop,pop
Without You (feat. Sandro Cavazza),Avicii,1vCWHaC5f2uS3yhpwWbIA6,2017,edm,electrónica
SUURI,Laineen Kasperi,5tHevlNBO5VNLvW3FsjICK,2017,hip-hop,hip-hop
Clean White Noise - Loopable with no fade,White Noise Baby Sleep,4W12lEvVl5wectUtRNrvDh,2017,ambient,ambient
Crowd Control,Dimitri Vegas,2HkAI0YrEcgoR8QdaURqhO,2017,electronica,electrónica
Perfect,Ed Sheeran,6eUKZXaKkcviH0Ku9w2n3V,2017,soft pop,pop
Into It - Live,Chase Atlantic,7cYEt1pqMgXJdq00hAwVpT,2017,indie pop,indie
PRIDE.,Kendrick Lamar,2YZyLoL8N0Wb9xBt1NhZWg,2017,hip hop,hip-hop
Journey,Chezidek,5HePAITZSCxQ0H9PEKZ5DH,2017,reggae,reggae
Shape of You,Ed Sheeran,6eUKZXaKkcviH0Ku9w2n3V,2017,soft pop,pop
隣の彼はカッコよく見える,プラチナガールズ,02KUyBfvTknh4IpEJ86vKE,2017,c-pop,k-pop
Believer,Imagine Dragons,53XhwfbYqKCa1cC15pYq2q,2017,alternative rock,rock
C'est pas ma faute (feat. Mr. Leo),Revolution,599jagD7OBej5DjDC24Ext,2017,rock,rock
Don’t Blame Me,Taylor Swift,06HL4z0CvFAxyc27GXpf02,2017,pop,pop
Horse to Water,Tall Heights,1OVaGC0CDZaxjcPxclSNmp,2017,folk pop,folk
Take My Hand,Picture This,7jLSEPYCYQ5ssWU3BICqrW,2017,indie pop,indie
Hundert Leben (Akustik Solo Version),Johannes Oerding,4I7D65YMlr6ZxVEGPb7q2K,2017,german pop,pop
There's Nothing Holdin' Me Back,Shawn Mendes,7n2wHs1TKAczGzO7Dd2rGr,2017,pop,pop
Vale La Pena,Grupo Cañaveral De Humberto Pabón,48zixAu4wMDZwpVbOenDU7,2017,cumbia,latino
Bad At Love,Halsey,26VFTg2z8YR0cCuwLzESi2,2017,pop,pop
The Winner Takes It All - Acoustic,Carla Bruni,1HVwzNriKEjaeE06okqSpx,2017,french jazz,jazz
Passionfruit,Drake,3TVXtAsR1Inumwj472S9r4,2017,rap,hip-hop
Egal (Live),LINA,3YPpKFZGAT0O8SJca2Aaj8,2017,german pop,pop
Glorious (feat. Skylar Grey),Macklemore,3JhNCzhSMTxs9WLGJJxWOY,2017,hip-hop,hip-hop
Killing Me,Black Rain,5d08mBdTsf060tPbRoxtAa,2017,pinoy alternative,rock
Belter,Gerry Cinnamon,7cpCnhhBIU1gA7EhTFApN1,2017,indie,indie
Even Angels (feat. Blas Cantó),Carlos Marco,3rs2rSphgxWU3zQvYWj5Fl,2017,pop,pop
Dark Red,Steve Lacy,57vWImR43h4CaDao012Ofp,2017,R&B,r&b
Why - In Studio,Sabrina Carpenter,74KM79TiuVKeVCqs8QtB0B,2017,pop,pop
Sign of the Times,Harry Styles,6KImCVD70vtIoJWnq6nGn3,2017,pop,pop
Loca (feat. Cali y El Dandee),Maite Perroni,6ModsWtBph2rE6zCTVxvZt,2017,latin pop,latino
Thunder,Imagine Dragons,53XhwfbYqKCa1cC15pYq2q,2017,alternative rock,rock
Round & Round - Top Of The Pops 1984,Spandau Ballet,2urZrEdsq72kx0UzfYN8Yv,2017,new wave,rock
All The Stars (with SZA),Kendrick Lamar,2YZyLoL8N0Wb9xBt1NhZWg,2018,hip hop,hip-hop
Enamorado,Alexander Stewart,4QGo29eCQCXwxCHLuQBf5W,2018,pop,pop
Cearta,KNEECAP,1ZVACPeq7ccGCoUXwtafUU,2018,hip-hop,hip-hop
"Holding Back the Years (Live at Ziggo Dome, Amsterdam)",Simply Red,1fa0cOhromAZdq2xRA4vv8,2018,pop,pop
Always Remember Us This Way,Lady Gaga,1HY2Jd0NmPuamShAr6KMms,2018,art pop,pop
"Say You Love Me (Live at Ziggo Dome, Amsterdam)",Simply Red,1fa0cOhromAZdq2xRA4vv8,2018,pop,pop
Shallow,Lady Gaga,1HY2Jd0NmPuamShAr6KMms,2018,art pop,pop
"So Beautiful (Live at Ziggo Dome, Amsterdam)",Simply Red,1fa0cOhromAZdq2xRA4vv8,2018,pop,pop
Sundress,A$AP Rocky,13ubrt8QOOCPljQ2FL1Kca,2018,rap,hip-hop
"For Your Babies (Live at Ziggo Dome, Amsterdam)",Simply Red,1fa0cOhromAZdq2xRA4vv8,2018,pop,pop
Beautiful Crazy,Luke Combs,718COspgdWOnwOFpJHRZHS,2018,country,country
"A New Flame (Live at Ziggo Dome, Amsterdam)",Simply Red,1fa0cOhromAZdq2xRA4vv8,2018,pop,pop
lovely (with Khalid),Billie Eilish,6qqNVTkY8uBg9cP3Jd7DAH,2018,indie pop,indie
"Someday in My Life (Live at Ziggo Dome, Amsterdam)",Simply Red,1fa0cOhromAZdq2xRA4vv8,2018,pop,pop
Violent Crimes,Kanye West,5K4W6rqBFWDnAN6FQUkS6x,2018,rap,hip-hop
In Betweenin',Austin Brown,4PpCSRGVWkRg5KNU2sTRBb,2018,pop,pop
Dancing On My Own,Calum Scott,6ydoSd3N2mwgwBHtF6K7eX,2018,soft pop,pop
Wenn jetzt Sommer wär (feat. Chapeau Claque),Pretty Pink,3Jx6Zw3nLANXeV38AhGaM5,2018,edm,electrónica
Shotgun,George Ezra,2ysnwxxNtSgbb9t1m2Ur4j,2018,indie folk,folk
Movement,Hozier,2FXC3k01G6Gw61bmprjgqS,2018,indie folk,folk
Lucid Dreams,Juice WRLD,4MCBfE4596Uoi2O4DtmEMz,2018,melodic rap,hip-hop
"Your Mirror (Live at Ziggo Dome, Amsterdam)",Simply Red,1fa0cOhromAZdq2xRA4vv8,2018,pop,pop
Babydoll,Dominic Fike,6USv9qhCn6zfxlBQIYJ9qs,2018,indie pop,indie
Слэмятся пацаны,Little Big,0pnd3MP2rxAzljR9AqXUJB,2018,electronic,electrónica
Praise The Lord (Da Shine) (feat. Skepta),A$AP Rocky,13ubrt8QOOCPljQ2FL1Kca,2018,rap,hip-hop
"FÉ - Ao Vivo, Brasil 2018",fhop music,0V208yTQ5OGOUBZuszu6Fn,2018,devotional,Otros
3 Nights,Dominic Fike,6USv9qhCn6zfxlBQIYJ9qs,2018,indie pop,indie
NFWMB - Acoustic / Live,Hozier,2FXC3k01G6Gw61bmprjgqS,2018,indie folk,folk
Softcore,The Neighbourhood,77SW9BnxLY8rJ0RciFqkHh,2018,indie rock,indie
It's You (feat. 王艷薇),R-chord,5XkrVVn0lQIVPkH55nbTgZ,2018,mandopop,pop
Eastside (with Halsey & Khalid),benny blanco,5CiGnKThu5ctn9pBxv7DGa,2018,pop,pop
Győzni Jöttünk,Begi Lotfi,5czhmVKVKn0bsJqnvx2Dgf,2018,pop,pop
I Like Me Better,Lauv,5JZ7CnR6gTvEMKX4g70Amv,2018,pop,pop
Full Automatic (feat. Diego),Sleiman,2HTE5rhkzmNb4IiGrop13q,2018,hip-hop,hip-hop
No Lie,Sean Paul,3Isy6kedDrgPYoTS1dazA9,2018,dancehall,reggae
Did You Love Me,Shannon & the Clams,7t7pfYPYx0TwawLmbiNWlQ,2018,indie rock,indie
Blue Hair,TV Girl,0Y6dVaC9DZtPNH4591M42W,2018,indie pop,indie
Verdi: Il Trovatore - Tacea la notte placida,Giuseppe Verdi,1JOQXgYdQV2yfrhewqx96o,2018,opera,clásica
Youngblood,5 Seconds of Summer,5Rl15oVamLq7FbSb0NNBNy,2018,pop rock,rock
"HEBREUS 1 / HERDEIRO DE TUDO - Ao Vivo, Brasil 2018",fhop music,0HpGyW7V9sMk9cPqrpSLcN,2018,gospel,blues
All Girls Are The Same,Juice WRLD,4MCBfE4596Uoi2O4DtmEMz,2018,melodic rap,hip-hop
Next To Me,Imagine Dragons,53XhwfbYqKCa1cC15pYq2q,2018,alternative rock,rock
Hold My Girl,George Ezra,2ysnwxxNtSgbb9t1m2Ur4j,2018,indie folk,folk
Medusa,Tommy,5h0HAhETmJ53akyGkUBaQR,2018,thai pop,k-pop
Falling Down - Bonus Track,Lil Peep,2kCcBybjl3SAtIcwdWpUe3,2018,emo rap,hip-hop
Novos Horizontes / Alívio Imediato,Engenheiros Do Hawaii,0GNq4xh8uFCyihPurnunf7,2018,brazilian rock,rock
Ghost Town,Kanye West,5K4W6rqBFWDnAN6FQUkS6x,2018,rap,hip-hop
"Go Your Own Way - Live at Studio Instrument Rentals, 1976",Fleetwood Mac,08GQAI4eElDnROBrJRGE0X,2018,classic rock,rock
Chasin' You,Morgan Wallen,4oUHIQIBe0LHzYfvXNW4QM,2018,country,country
Higher Love,Emilie Nicolas,4cXE1g28uYrIaUisUx5cJt,2018,norwegian pop,pop
Heading South,Zach Bryan,40ZNYROS4zLfyyBSs2PGe2,2019,country,country
"Greenwood, Philip Selway, Edward O'Brien, Colin Greenwood: Pyramid Song (Arr. Lawson)",Jonny Greenwood,0z9s3P5vCzKcUBSxgBDyLU,2019,experimental,indie
H.O.O.D,KNEECAP,1ZVACPeq7ccGCoUXwtafUU,2019,hip-hop,hip-hop
All I've Ever Known,Grace Hodgett Young,77oK4rOZiJGnU2LN2ksnI9,2019,indie,indie
Cruel Summer,Taylor Swift,06HL4z0CvFAxyc27GXpf02,2019,pop,pop
Skrrt,K27,5nRkPBCDIqxGB82fj0Pj7V,2019,hip-hop,hip-hop
Get Your Brits Out,KNEECAP,1ZVACPeq7ccGCoUXwtafUU,2019,hip-hop,hip-hop
Stretch,Louise,3a4CSjBr9WqhM6n4iqVSC6,2019,pop,pop
Someone You Loved,Lewis Capaldi,4GNC7GD6oZMSxPGyXy4MNB,2019,soft pop,pop
Die Heelal (feat. Early B),Janie Bay,0VSXm0RbmbovOLT6ADgovM,2019,pop,pop
when the party's over,Billie Eilish,6qqNVTkY8uBg9cP3Jd7DAH,2019,indie pop,indie
Sirenen,Tommy,5h0HAhETmJ53akyGkUBaQR,2019,thai pop,k-pop
Ransom,Lil Tecca,4Ga1P7PMIsmqEZqhYZQgDo,2019,melodic rap,hip-hop
Do It Like You Mean It (feat. Yoel 905),Frans,1y5T3Prq30eW5RkpaUWNOQ,2019,pop,pop
Lover,Taylor Swift,06HL4z0CvFAxyc27GXpf02,2019,pop,pop
Pakete,Tommy,5h0HAhETmJ53akyGkUBaQR,2019,thai pop,k-pop
Almost (Sweet Music),Hozier,2FXC3k01G6Gw61bmprjgqS,2019,indie folk,folk
REASON,SYU(from GALNERYUS),2cgJdROSU7cP3qi8mmNyw5,2019,metal,metal
Circles,Post Malone,246dkjvS1zLTtiykXe5h60,2019,hip-hop,hip-hop
Mad,Lil Yase,4PKqKT6sKrfYxgj0hTvkyf,2019,hip-hop,hip-hop
Hypersonic Missiles,Sam Fender,6zlR5ttMfMNmwf2lecU9Cc,2019,indie rock,indie
I Was In Heaven - Acoustic,Chelsea Cutler,5JMLG56F1X5mFmWNmS0iAp,2019,indie pop,indie
Cinnamon Girl,Lana Del Rey,00FQb4jTyendYWaN8pK0wa,2019,indie pop,indie
Disciplin (feat. Keya),Elias Abbas,4QvI3PrYRXq9A2UbeQAKH6,2019,hip-hop,hip-hop
Before You Go,Lewis Capaldi,4GNC7GD6oZMSxPGyXy4MNB,2019,soft pop,pop
Fuck it I love you / The greatest,Lana Del Rey,00FQb4jTyendYWaN8pK0wa,2019,indie pop,indie
Would That I,Hozier,2FXC3k01G6Gw61bmprjgqS,2019,indie folk,folk
Sky Blue Skin,Jeff Buckley,3nnQpaTvKb5jCQabZefACI,2019,rock,rock
Bruises,Lewis Capaldi,4GNC7GD6oZMSxPGyXy4MNB,2019,soft pop,pop
"Once Once - En Vivo En Plaza De Toros De Cartagena / Mayo 4, 2019",DJ Dever,2KDK6LDA8DKphV0wwHb40D,2019,champeta,latino
HIGHEST IN THE ROOM,Travis Scott,0Y5tJX1MQlPlqiwlOH1tJY,2019,rap,hip-hop
Last Christmas (Official 4K Video) [Teaser 1],Wham!,5lpH0xAS4fVfLkACg9DAuM,2019,christmas,pop
Bags,Clairo,3l0CmX0FuQjFxr8SK7Vqag,2019,bedroom pop,pop
Lana Film,Lana Del Rey,00FQb4jTyendYWaN8pK0wa,2019,indie pop,indie
everything i wanted,Billie Eilish,6qqNVTkY8uBg9cP3Jd7DAH,2019,indie pop,indie
Lead Me On,Louise,3a4CSjBr9WqhM6n4iqVSC6,2019,pop,pop
ARE WE STILL FRIENDS?,"Tyler, The Creator",4V8LLVI7PbaPR0K2TGSxFF,2019,hip-hop,hip-hop
Única - Ao Vivo,Amigos,7t9vZg9sglZGukAMixJf5t,2019,sertanejo tradicional,samba
Don't Give Up On Me,Andy Grammer,2oX42qP5ineK3hrhBECLmj,2019,pop,pop
Uwi,Alvaro Diaz,5J7rXWjtn5HzUkJ4Jet8Fr,2019,hip-hop,hip-hop
Be Alright,Dean Lewis,3QSQFmccmX81fWCUSPTS7y,2019,indie pop,indie
Guess Who,Chi City,2ipMJ7CDYbsqysSF15uVpF,2019,hip-hop,hip-hop
False Confidence,Noah Kahan,2RQXRUsr4IW1f3mKyKsy4B,2019,indie folk,folk
Last Christmas (Official 4K Video) [Teaser 2],Wham!,5lpH0xAS4fVfLkACg9DAuM,2019,christmas,pop
EARFQUAKE,"Tyler, The Creator",4V8LLVI7PbaPR0K2TGSxFF,2019,hip-hop,hip-hop
Du bist schön - Live,Alligatoah,0r0R5nIjDY04TfxRM10Bcb,2019,german pop,pop
Watermelon Sugar,Harry Styles,6KImCVD70vtIoJWnq6nGn3,2019,pop,pop
Streetlife,Hanybal,2HdP7fpDiLWAvElYGg75gd,2019,german hip hop,hip-hop
What A Time (feat. Niall Horan),Julia Michaels,0ZED1XzwlLHW4ZaG4lOT6m,2019,pop,pop
En el Seno del Amor (Acústco en Vivo),Dread Mar I,1aw0Cdl1DIrtUrUA6fGbAR,2019,spanish-language reggae,reggae
Clean Baby Sleep White Noise (Loopable),Dream Supplier,6Cqtx9fpxzggIMuKn0RGCp,2020,ambient,ambient
All We Got (feat. KIDDO),Robin Schulz,3t5xRXzsuZmMDkQzgOX35S,2020,tropical house,electrónica
"I miss you, I’m sorry",Gracie Abrams,4tuJ0bMpJh08umKkEXKUI5,2020,indie pop,indie
Medicine Hat,Blackie and the Rodeo Kings,2McRDcv6H9e9xz5G5mOnUa,2020,rock,rock
Revival,Zach Bryan,40ZNYROS4zLfyyBSs2PGe2,2020,country,country
123 (feat. Yasin),Cherrie,59E9dYtwLTUAGuAppwFKAW,2020,hip-hop,hip-hop
You Should Probably Leave,Chris Stapleton,4YLtscXsxbVgi031ovDDdh,2020,country,country
Kort Donner - Live,Karen Zoid,1x6N4tQft8TwRuhOfRUgWC,2020,rock,rock
Blinding Lights,The Weeknd,1Xyo4u8uXC1ZmMpatF05PJ,2020,R&B,r&b
Meisie Wat Haar Potlood Kou - Live at Mothership Studios,Karen Zoid,1x6N4tQft8TwRuhOfRUgWC,2020,rock,rock
Maine,Noah Kahan,2RQXRUsr4IW1f3mKyKsy4B,2020,indie folk,folk
Ek Verlang Na Jou - Live at Mothership Studios,Karen Zoid,1x6N4tQft8TwRuhOfRUgWC,2020,rock,rock
august,Taylor Swift,06HL4z0CvFAxyc27GXpf02,2020,pop,pop
Selfmade Babylon,Bausa,13bDjug9N0pyv3ZUINjkDV,2020,german hip hop,hip-hop
cardigan,Taylor Swift,06HL4z0CvFAxyc27GXpf02,2020,pop,pop
Ballade Vir 'n Enkeling - Live At Mothership Studios,Karen Zoid,1x6N4tQft8TwRuhOfRUgWC,2020,rock,rock
Heat Waves,Glass Animals,4yvcSjfu4PC0CYQyLy4wSq,2020,indie pop,indie
Anders,Tommy,5h0HAhETmJ53akyGkUBaQR,2020,thai pop,k-pop
The Cut That Always Bleeds,Conan Gray,4Uc8Dsxct0oMqx0P6i60ea,2020,indie pop,indie
Bruder,Nico K.I.Z,49U1wR2eateFtB7cxd4ncm,2020,german hip hop,hip-hop
my tears ricochet,Taylor Swift,06HL4z0CvFAxyc27GXpf02,2020,pop,pop
Indigo Girl - Live at Mothership Studios,Karen Zoid,1x6N4tQft8TwRuhOfRUgWC,2020,rock,rock
July,Noah Cyrus,55fhWPvDiMpLnE4ZzNXZyW,2020,pop,pop
Delli (feat. Adel),Ricky Rich,1gm1katIowFM22Ldqcw6DK,2020,hip-hop,hip-hop
that way,Tate McRae,45dkTj5sMRSjrmBSBeiHym,2020,pop,pop
David Carreira - Haverá Sempre uma Música / Baby Fica - Live at Altice Arena,David Carreira,6tIIe4TjUAUBgebA9j53ch,2020,kizomba,africano
Borderline,Tame Impala,5INjqkS1o8h1imAzPqGZBb,2020,indie,indie
Lobo Hombre En París,Fran,0VeDmQvivAadp6TiI4vrda,2020,pop,pop
Godzilla (feat. Juice WRLD),Eminem,7dGJo4pcD2V6oG8kP0tJRR,2020,rap,hip-hop
Today - Live at Mothership Studios,Karen Zoid,1x6N4tQft8TwRuhOfRUgWC,2020,rock,rock
anything,Adrianne Lenker,4aKWmkWAKviFlyvHYPTNQY,2020,indie folk,folk
"No Woman, No Cry - 1975 Audio Version",Bob Marley,6BH2lormtpjy3X9DyrGHVj,2020,reggae,reggae
Don't Start Now,Dua Lipa,6M2wZ9GZgrQXHCFfjv46we,2020,pop,pop
Wind,Tommy,5h0HAhETmJ53akyGkUBaQR,2020,thai pop,k-pop
Canter,Gerry Cinnamon,7cpCnhhBIU1gA7EhTFApN1,2020,indie,indie
My Blood,DANNY AVILA,1Xv1qZHJ1hnRlWHRTZ3uci,2020,techno,electrónica
The Thrill,Wiz Khalifa,137W8MRPWKqSmrBGDBFSop,2020,rap,hip-hop
Tarde Demais,Nuno Ribeiro,14q08vxBLlQPCHdmAN5j2N,2020,pop,pop
Save Your Tears,The Weeknd,1Xyo4u8uXC1ZmMpatF05PJ,2020,R&B,r&b
A&B,Jhené Aiko,5ZS223C6JyBfXasXxrRqOk,2020,r&b,r&b
Shut up My Moms Calling,Hotel Ugly,35WVTyRnKAoaGExqgktVyb,2020,indie pop,indie
Delli (feat. Adel) - Crib Session,Ricky Rich,1gm1katIowFM22Ldqcw6DK,2020,hip-hop,hip-hop
forwards beckon rebound,Adrianne Lenker,4aKWmkWAKviFlyvHYPTNQY,2020,indie folk,folk
Babe ich weiß,SAMIRA,6nZda35mVu8s1uIhJSaAKM,2020,pop,pop
Sweet but Psycho,Ava Max,4npEfmQ6YuiwW1GpUmaq3F,2020,pop,pop
Kalt wie Eis (feat. Tommy),Ciro,34UVu13oDPEzL7aXQMOqcO,2020,german hip hop,hip-hop
exile (feat. Bon Iver),Taylor Swift,06HL4z0CvFAxyc27GXpf02,2020,pop,pop
Paco Montalvo - Leyenda (Official Music Video),Paco Montalvo,5IinwbNi6wZ44tgwtaObhv,2020,flamenco,flamenco
"not a lot, just forever",Adrianne Lenker,4aKWmkWAKviFlyvHYPTNQY,2020,indie folk,folk
Hello - Moto/Spory,Kukon,3U5Oag04Yl2WnvPULOlsMD,2020,hip-hop,hip-hop
Guilty Conscience,KNEECAP,1ZVACPeq7ccGCoUXwtafUU,2021,hip-hop,hip-hop
FAKE - BRITs 2022 Rising Star Live Session,Lola Young,67FB4n52MgexGQIG8s0yUH,2021,indie pop,indie
you broke me first,Tate McRae,45dkTj5sMRSjrmBSBeiHym,2021,pop,pop
อยู่คนเดียว (Loner),WANYAi,7JGpNnXUEolFmY4yIBSWD7,2021,thai rock,rock
Still Sleepless,D.O.D,0Cs47vvRsPgEfliBU9KDiB,2021,piano house,indie
Un'estate normale,Nek,2Hd7Yrh32At3YRqhoW2RXe,2021,pop,pop
traitor,Olivia Rodrigo,1McMsnEElThX1knmY4oliG,2021,pop,pop
Sharpener’s Calling Me Again (feat. Kina),Cavetown,2hR4h1Cao2ueuI7Cx9c7V8,2021,bedroom pop,pop
Mess It Up,Gracie Abrams,4tuJ0bMpJh08umKkEXKUI5,2021,indie pop,indie
Riches Wii a Pree,Teejay,0TBQhPUEj1c5PlmTu3Hq5q,2021,tamil indie,indie
drivers license,Olivia Rodrigo,1McMsnEElThX1knmY4oliG,2021,pop,pop
Tú no me conoces,Danny Ocean,5H1nN1SzW0qNeUEZvuXjAj,2021,reggaeton,latino
Seventeen Going Under,Sam Fender,6zlR5ttMfMNmwf2lecU9Cc,2021,indie rock,indie
Happier Than Ever - Live From Disney’s Happier Than Ever/A Love Letter to Los Angeles,Billie Eilish,6qqNVTkY8uBg9cP3Jd7DAH,2021,indie pop,indie
Easy On Me,Adele,4dpARuHxo51G3z768sgnrY,2021,soft pop,pop
Tussi Code Mari,Marcianeke,5XQWXnMwsvuvCPMneXUbsy,2021,reggaeton chileno,latino
good 4 u,Olivia Rodrigo,1McMsnEElThX1knmY4oliG,2021,pop,pop
J'fly,Greg Yeya,4UBQmcjAzvho2wG4OfIucn,2021,hip-hop,hip-hop
raining for hours,ame,7htQnykNfk2Bu39bSw7owz,2021,electronic,electrónica
Shivers,Ed Sheeran,6eUKZXaKkcviH0Ku9w2n3V,2021,soft pop,pop
Alors alors - Version acoustique,Lou,6iHKWDaniE1NyU3xZ7FeGg,2021,pop,pop
The Color Violet,Tory Lanez,2jku7tDXc6XoB6MO2hFuqg,2021,hip-hop,hip-hop
Hayu Gaskeun Ah,Putih Abu-Abu,3yRNoZZuzU5TC7uwOxd7cL,2021,sholawat,Otros
favorite crime,Olivia Rodrigo,1McMsnEElThX1knmY4oliG,2021,pop,pop
deja vu,Olivia Rodrigo,1McMsnEElThX1knmY4oliG,2021,pop,pop
Ciao,Rouss,3Xa0w2RUuQw38J199xgj2A,2021,pop,pop
Give It To Me - Full Vocal Mix,Matt Sassari,21dVknSLCsK37cWozWDZZS,2021,tech house,electrónica
Aina ikävä jonnekin (feat. Aki Tykki),Danny,5jLdTpcCZRQIWiSbfKf2cz,2021,iskelmä,pop
Every Night White Noise,The Noisy Outdoors,6ipASreqbHk6a7aR2xo9BW,2021,ambient,ambient
Ferrari (feat. Luciano),Capo Plaza,5SulO4l40qDuV9zUGLZx7n,2021,italian trap,hip-hop
Happier Than Ever,Billie Eilish,6qqNVTkY8uBg9cP3Jd7DAH,2021,indie pop,indie
"Bach, JS: Violin Sonata No. 3 in C Major, BWV 1005: III. Largo",Johann Sebastian Bach,5aIqB5nVVvmFsvSdExz408,2021,classical,clásica
Make Me Feel Good,Belters Only,1H1sDUWSlytzifZTDpKgUA,2021,edm,electrónica
Solo - Acoustic,Matteo Bocelli,3SzmIPVTtVc0AzbR8kwk0w,2021,christmas,pop
Rumore Bianco,Relaxed Minds,0AuDQR88HtZsQXLnbq007R,2021,ambient,ambient
One Day - Live,MONSTA X,4TnGh5PKbSjpYqpIdlW5nz,2021,k-pop,k-pop
family ties (with Kendrick Lamar),Baby Keem,5SXuuuRpukkTvsLuUknva1,2021,hip-hop,hip-hop
Subiendolo,Jay Oc,4xfAJoeFObf1ny2nj3sgMS,2021,hip-hop,hip-hop
You Belong With Me (Taylor’s Version),Taylor Swift,06HL4z0CvFAxyc27GXpf02,2021,pop,pop
"Bach, JS: Violin Partita No. 3 in E Major, BWV 1006: I. Preludio",Johann Sebastian Bach,5aIqB5nVVvmFsvSdExz408,2021,classical,clásica
Feels Like,Gracie Abrams,4tuJ0bMpJh08umKkEXKUI5,2021,indie pop,indie
Redeemer,Karima,6e4PwrSrYPtaxeVxZuOZbi,2021,pop,pop
Chemtrails Over The Country Club,Lana Del Rey,00FQb4jTyendYWaN8pK0wa,2021,indie pop,indie
กลับไปก่อนได้ไหม (feat. URBOYTJ),Num KALA,1kUVa9zNj2ohZptBv4uK8c,2021,thai pop,k-pop
All Too Well (10 Minute Version) (Taylor's Version) (From The Vault),Taylor Swift,06HL4z0CvFAxyc27GXpf02,2021,pop,pop
J'suis mal,Alexy Large,7yviGBKRYiXscGmyyQhwG1,2021,hip-hop,hip-hop
"jealousy, jealousy",Olivia Rodrigo,1McMsnEElThX1knmY4oliG,2021,pop,pop
Fica Pra Dormir - Ao Vivo,Zé Neto & Cristiano,487N2T9nIPEHrlTZLL3SQs,2021,sertanejo,samba
Stick Season,Noah Kahan,2RQXRUsr4IW1f3mKyKsy4B,2022,indie folk,folk
Don't Play by the Rules,D.T.E,72HNCRVjK93J4ZnCY8rb1q,2022,hip-hop,hip-hop
Something in the Orange,Zach Bryan,40ZNYROS4zLfyyBSs2PGe2,2022,country,country
"Rachmaninov: Rhapsody on a Theme of Paganini, Op. 43: Variation 18 (Andante cantabile)",Sergei Rachmaninoff,0Kekt6CKSo0m5mivKcoH51,2022,classical,clásica
Deep Phase Noise 1,Milli Hughes,5qq6C4dNld3AWHbh2WaNAR,2022,ambient,ambient
"J.S. Bach: Violin Partita No. 2 in D Minor, BWV 1004 - I. Allemanda",Johann Sebastian Bach,5aIqB5nVVvmFsvSdExz408,2022,classical,clásica
End of Beginning,Djo,5p9HO3XC5P3BLxJs5Mtrhm,2022,psychedelic pop,pop
Elixir,Tommy Saint,0bQjsCM8HJUB1bOpl8WSgV,2022,cedm,electrónica
Sun to Me,Zach Bryan,40ZNYROS4zLfyyBSs2PGe2,2022,country,country
Playa (feat. Ella Bands),A Boogie Wit da Hoodie,31W5EY0aAly4Qieq6OFu6I,2022,melodic rap,hip-hop
"Burn, Burn, Burn",Zach Bryan,40ZNYROS4zLfyyBSs2PGe2,2022,country,country
Bank of Wildflowers (feat. Georgia),William Orbit,2AHGrNDMKFi8rHqQ8kJqfl,2022,idm,electrónica
All My Love,Noah Kahan,2RQXRUsr4IW1f3mKyKsy4B,2022,indie folk,folk
Vivien,††† (Crosses),3vHmFWgPOWOVtlHSnaxLJf,2022,experimental,indie
Nonsense,Sabrina Carpenter,74KM79TiuVKeVCqs8QtB0B,2022,pop,pop
Até Que é Bom,LUA,6Kn5qpqJoHEY2D8uvgUQut,2022,city pop,pop
Oklahoma Smokeshow,Zach Bryan,40ZNYROS4zLfyyBSs2PGe2,2022,country,country
Она любила музыку,Dima Bilan,19rplJ3Uh67C1fNAwq7ohw,2022,pop,pop
Nobody Gets Me,SZA,7tYKF4w9nC0nq9CsPZTHyP,2022,r&b,r&b
My Phone,Tommy Saint,0bQjsCM8HJUB1bOpl8WSgV,2022,cedm,electrónica
Northern Attitude,Noah Kahan,2RQXRUsr4IW1f3mKyKsy4B,2022,indie folk,folk
Full Round Table,CQ Wrestling,4pUT9OPOWyNU0jMEob4tqU,2022,rock,rock
flowers-fire,Kingfishr,6c2qQFq3xfxFJndX6wSe4f,2022,folk pop,folk
TV - Live From Singapore’s Cloud Forest,Billie Eilish,6qqNVTkY8uBg9cP3Jd7DAH,2022,indie pop,indie
she's all i wanna be,Tate McRae,45dkTj5sMRSjrmBSBeiHym,2022,pop,pop
Made Rich,YoungBoy Never Broke Again,7wlFDEWiM5OoIAt8RSli8b,2022,hip-hop,hip-hop
Motorcycle Drive By,Zach Bryan,40ZNYROS4zLfyyBSs2PGe2,2022,country,country
เพิ่งรู้(Never Knew),Earth Pirapat,5WNYZY9iRoV2jtET26n9lf,2022,t-pop,k-pop
As It Was,Harry Styles,6KImCVD70vtIoJWnq6nGn3,2022,pop,pop
La Carta Que Nunca Te Escribí - Remix,Lu Decker,74LXFsgo40nbOJaO74QTAm,2022,pop,pop
eyes don’t lie,Kingfishr,6c2qQFq3xfxFJndX6wSe4f,2022,folk pop,folk
The Side,Rod D,74vb8gsoOmgeUrsvYBX4Hx,2022,hip-hop,hip-hop
World Hold On - FISHER Rework,Bob Sinclar,5YFS41yoX0YuFY39fq21oN,2022,french house,electrónica
"2001 // Life Is Yours - The Colour Wheel Session , London 2022",Foals,6FQqZYVfTNQ1pCqfkwVFEa,2022,indie,indie
ceilings,Lizzy McAlpine,1GmsPCcpKgF9OhlNXjOsbS,2022,indie pop,indie
Everlasting Love,Folder,2hyscgwWGeLUoYKEpbGtP1,2022,electronic,electrónica
I'm Good (Blue),David Guetta,1Cs0zKBU1kc0i8ypK3B9ai,2022,edm,electrónica
ขอบคุณที่เลิกกัน,KLEAR,2TE6bCnjUh8fe7U7g8ajcs,2022,thai pop,k-pop
I Love You,Fontaines D.C.,3SXwqSqAoBz9WCI9PDQzY6,2022,post-punk,rock
Love Of Mine,Imagine Dragons,53XhwfbYqKCa1cC15pYq2q,2022,alternative rock,rock
Afraid To Feel,LF SYSTEM,0HxX6imltnNXJyQhu4nsiO,2022,edm,electrónica
0.4 (feat. Kanoé),La Peee,47BEXrGacbFC66aygrjSxJ,2022,hip-hop,hip-hop
because i liked a boy,Sabrina Carpenter,74KM79TiuVKeVCqs8QtB0B,2022,pop,pop
Waltz | Hoa (Original Soundtrack),Johannes Johansson,7u7VohKLwXLckuyYejvmff,2022,ambient,ambient
TV,Billie Eilish,6qqNVTkY8uBg9cP3Jd7DAH,2022,indie pop,indie
Still countin / Poppin,Yeat,3qiHUAX7zY4Qnjx8TNUzVx,2022,rage rap,hip-hop
Orange Juice,Noah Kahan,2RQXRUsr4IW1f3mKyKsy4B,2022,indie folk,folk
Fieber / Glatteis,Nina Chuba,2kS9NyuATpYwjeB93h24H5,2022,german pop,pop
the perfect pair,beabadoobee,35l9BRT7MXmM8bv2WDQiyB,2022,bedroom pop,pop
XI COMANDAMENTO - VASCO LIVE XXII,Vasco Rossi,5l4nhyz8876RhgE2d18h65,2022,italian singer-songwriter,Otros
I Remember Everything (feat. Kacey Musgraves),Zach Bryan,40ZNYROS4zLfyyBSs2PGe2,2023,country,country
Rodeo (Remix),Lah Pat,6dhd3wcal02KeLBk5wScfd,2023,hip-hop,hip-hop
Pink Pony Club,Chappell Roan,7GlBOeep6PqTfFi59PTUUN,2023,pop,pop
Party Jumpin’,Jamie Brown,1itVP3ysVe9MMrYCeOKMsO,2023,pop,pop
Pink Pony Club,Chappell Roan,7GlBOeep6PqTfFi59PTUUN,2023,pop,pop
Animals in the Ocean,Blippi,30niqFGUKKUg1horQSgwBn,2023,children's music,Otros
Lose Control,Teddy Swims,33qOK5uJ8AR2xuQQAhHump,2023,pop,pop
僕は頑張るよっ feat. ano,Shinsei Kamattechan,1ZnuqrjIR4q8zhgriUYsSo,2023,anime,k-pop
The Door,Teddy Swims,33qOK5uJ8AR2xuQQAhHump,2023,pop,pop
Gyal Dem Time (feat. Teejay),Shaggy,5EvFsr3kj42KNv97ZEnqij,2023,reggae,reggae
You’re Gonna Go Far,Noah Kahan,2RQXRUsr4IW1f3mKyKsy4B,2023,indie folk,folk
Double R's,Slim,31kuTHJ0NEF3i9UTnxuYSl,2023,hip-hop,hip-hop
HOT TO GO!,Chappell Roan,7GlBOeep6PqTfFi59PTUUN,2023,pop,pop
Let's Talk Money (feat. Headie One),Slim,31kuTHJ0NEF3i9UTnxuYSl,2023,hip-hop,hip-hop
Prada,cassö,5wCmhq5J2hPwL2r0eKurxn,2023,edm,electrónica
Standard,Einar,2A0z6Qg6u9zBYIJW3Cr64J,2023,hip-hop,hip-hop
Nine Ball,Zach Bryan,40ZNYROS4zLfyyBSs2PGe2,2023,country,country
BM | DJ TAO Turreo Sessions #17,DJ Tao,5CA5IqbsFr4hpNLdjgO0BU,2023,rkt,latino
Red Wine Supernova,Chappell Roan,7GlBOeep6PqTfFi59PTUUN,2023,pop,pop
Put Your Name On Me,Travis Greene,22JNV0JWTJkY1qzKJhxdRe,2023,gospel,blues
HOT TO GO!,Chappell Roan,7GlBOeep6PqTfFi59PTUUN,2023,pop,pop
Dużo Ciebie Mi,Lemon,3GqZI2mcDNtrVB8pRP61Tu,2023,post-disco,dance
Casual,Chappell Roan,7GlBOeep6PqTfFi59PTUUN,2023,pop,pop
Pasatiempo,La China,0MONbt46lfQCO66bPIj5hi,2023,electroclash,electrónica
NIGHTS LIKE THIS,The Kid LAROI,2tIP7SsRs7vjIcLrU85W8J,2023,hip-hop,hip-hop
Basta Ya,El Mimoso Luis Antonio López,1WAQn5rQnzDzGM5zEu9UvT,2023,regional mexican,latino
Mary's Pub,Amble,5ZC7GPz5h9zkEfjZBUDNzI,2023,indie,indie
Desaniversario,La China,0MONbt46lfQCO66bPIj5hi,2023,electroclash,electrónica
Shot In The Dark,Kingfishr,6c2qQFq3xfxFJndX6wSe4f,2023,folk pop,folk
Ay Ay Ay,La China,0MONbt46lfQCO66bPIj5hi,2023,electroclash,electrónica
Stumblin' In,CYRIL,11kt6ggsdxvI8MhyeSMKom,2023,pop,pop
Ana Wingii,Wingii,3i5MnWpawRCC9SYhLIHP7W,2023,egyptian hip hop,hip-hop
greedy,Tate McRae,45dkTj5sMRSjrmBSBeiHym,2023,pop,pop
Sidi,Wingii,3i5MnWpawRCC9SYhLIHP7W,2023,egyptian hip hop,hip-hop
"What Was I Made For? [From The Motion Picture ""Barbie""]",Billie Eilish,6qqNVTkY8uBg9cP3Jd7DAH,2023,indie pop,indie
Track Record 2.0 (feat. Tony Fresh),Travis Greene,22JNV0JWTJkY1qzKJhxdRe,2023,gospel,blues
Caroline,Kingfishr,6c2qQFq3xfxFJndX6wSe4f,2023,folk pop,folk
Ela é um Hit,Tritom,7A5lTNequ9HtuW8TQH1KMg,2023,nova mpb,samba
Feather,Sabrina Carpenter,74KM79TiuVKeVCqs8QtB0B,2023,pop,pop
Sinner - Live Performance,The Last Dinner Party,5SHgclK1ZpTdfdAmXW7J6s,2023,indie,indie
Flowers,Miley Cyrus,5YGY8feqx7naU7z4HrwZM6,2023,pop,pop
Expect Impossible (feat. Tony Fresh),Travis Greene,22JNV0JWTJkY1qzKJhxdRe,2023,gospel,blues
vampire,Olivia Rodrigo,1McMsnEElThX1knmY4oliG,2023,pop,pop
I'm always waiting for you,LEMONY,3w3wnGjv8BXdXbOQShYGec,2023,indie,indie
Call Your Mom,Noah Kahan,2RQXRUsr4IW1f3mKyKsy4B,2023,indie folk,folk
หากันจนเจอ (ซนซน 40 ปี GMM GRAMMY),พลพล,6YzSmyo0PdJvAJ3WvyPCkb,2023,phleng phuea chiwit,folk
Asking,Sonny Fodera,39B7ChWwrWDs7zXlsu3MoP,2023,house,electrónica
Dingue de toi (Turn me on) [feat. Dana],Alexy Large,4FlyOnqbpEbCR34xmBEIu2,2023,nightcore,metal
Sarah's Place (feat. Noah Kahan),Zach Bryan,40ZNYROS4zLfyyBSs2PGe2,2023,country,country
89 8+9+989 (feat. 草爺),馬念先,1SpB1xFnn94QMqVmcmzS7A,2023,mandopop,pop
That’s So True,Gracie Abrams,4tuJ0bMpJh08umKkEXKUI5,2024,indie pop,indie
That’s So True - Live From Radio City Music Hall,Gracie Abrams,4tuJ0bMpJh08umKkEXKUI5,2024,indie pop,indie
Sailor Song,Gigi Perez,1iCnM8foFssWlPRLfAbIwo,2024,indie,indie
Hurt,OneRepublic,5Pwc4xIPtQLFEnJriah9YJ,2024,soft pop,pop
BIRDS OF A FEATHER,Billie Eilish,6qqNVTkY8uBg9cP3Jd7DAH,2024,indie pop,indie
Passenger Princess,Aminé,3Gm5F95VdRxW3mqCn8RPBJ,2024,hip-hop,hip-hop
"Good Luck, Babe!",Chappell Roan,7GlBOeep6PqTfFi59PTUUN,2024,pop,pop
Risk - Live From The Tonight Show With Jimmy Fallon,Gracie Abrams,4tuJ0bMpJh08umKkEXKUI5,2024,indie pop,indie
Not Like Us,Kendrick Lamar,2YZyLoL8N0Wb9xBt1NhZWg,2024,hip hop,hip-hop
Circles,SAINt JHN,0H39MdGGX6dbnnQPt6NQkZ,2024,hip-hop,hip-hop
Die With A Smile,Lady Gaga,1HY2Jd0NmPuamShAr6KMms,2024,art pop,pop
Tuck Your Chain,Money Man,3Rx4PJ7SP6unkOk5elPUK7,2024,hip-hop,hip-hop
Messy,Lola Young,67FB4n52MgexGQIG8s0yUH,2024,indie pop,indie
Little Window - Live Studio Session,FINNEAS,37M5pPGs6V1fchFJSgCguX,2024,indie pop,indie
Taste,Sabrina Carpenter,74KM79TiuVKeVCqs8QtB0B,2024,pop,pop
I Ain't Sayin' - Performance,Jordan Davis,77kULmXAQ6vWer7IIHdGzI,2024,country,country
"I Love You, I'm Sorry",Gracie Abrams,4tuJ0bMpJh08umKkEXKUI5,2024,indie pop,indie
Last Night In Kingston,Konan,3YovKOlvuikZAiRIz5fTfR,2024,grime,hip-hop
Pink Skies,Zach Bryan,40ZNYROS4zLfyyBSs2PGe2,2024,country,country
Aimer à moitié,Calema,6PIIKavZx20FlVKyIvb4Um,2024,kizomba,africano
The Days - NOTION Remix,Chrystal,5bQ3wFgekuIMIcWJuxkqLK,2024,pop,pop
DUMBAI,CA7RIEL & Paco Amoroso,6I8TDGeUmmLom8auKPzMdX,2024,argentine trap,hip-hop
DENIAL IS A RIVER,Doechii,4E2rKHVDssGJm2SCDOMMJB,2024,hip-hop,hip-hop
"Bheegi Bheegi - From ""Gangster""",Pritam,1wRPtKGflJrBx9BmLsSwlU,2024,bollywood,bollywood
tv off (feat. lefty gunplay),Kendrick Lamar,2YZyLoL8N0Wb9xBt1NhZWg,2024,hip hop,hip-hop
Horror Story,Tay Savage,3bEvCfguncHB5a063kJr71,2024,hip-hop,hip-hop
APT.,ROSÉ,3eVa5w3URK5duf6eyVDbu9,2024,k-pop,k-pop
Postcards - Acoustic Version,Mackenzy Mackay,28WNtilgFPn1mdz3h0FjHl,2024,indie,indie
Somedays,Sonny Fodera,39B7ChWwrWDs7zXlsu3MoP,2024,house,electrónica
Oublier,Rsko,3L774tiJRvPmAS90pOLB44,2024,pop urbaine,pop
Messy,Lola Young,67FB4n52MgexGQIG8s0yUH,2024,indie pop,indie
Rid Of Me - Live,Still Woozy,4iMO20EPodreIaEl8qW66y,2024,bedroom pop,pop
WILDFLOWER,Billie Eilish,6qqNVTkY8uBg9cP3Jd7DAH,2024,indie pop,indie
EA2 (The Beginning of the Era),Lil Uzi Vert,4O15NlyKLIASxsJ0PrXPfz,2024,melodic rap,hip-hop
Too Sweet,Hozier,2FXC3k01G6Gw61bmprjgqS,2024,indie folk,folk
Lindo Momento,Julliany Souza,0d71FlLkqZzdpEQifcngQq,2024,gospel,blues
Bed Chem,Sabrina Carpenter,74KM79TiuVKeVCqs8QtB0B,2024,pop,pop
Family Feud - Live at The Ford,FINNEAS,37M5pPGs6V1fchFJSgCguX,2024,indie pop,indie
Bug,Fontaines D.C.,3SXwqSqAoBz9WCI9PDQzY6,2024,post-punk,rock
Dead Flowers,Boldy James,4fpwOzxFRMVGfd197dKIdY,2024,boom bap,hip-hop
Beautiful Things,Benson Boone,22wbnEMDvgVIAGdFeek6ET,2024,pop,pop
Seu Astral / Mistérios,Fiorella,6cX9Qyl1Ug5lli2y2yBm52,2024,agronejo,samba
Stargazing,Myles Smith,3bO19AOone0ubCsfDXDtYt,2024,indie,indie
BABY GANGSTA,CA7RIEL & Paco Amoroso,6I8TDGeUmmLom8auKPzMdX,2024,argentine trap,hip-hop
APT.,ROSÉ,3eVa5w3URK5duf6eyVDbu9,2024,k-pop,k-pop
ILMSY (MOVES),Rotimi,1xBARhKI09ZTmeePVDWMCf,2024,afrobeats,africano
Carry You Home,Alex Warren,0fTSzq9jAh4c36UVb4V7CB,2024,indie,indie
Ghosts / Slowing Down,Scarlet House,7jWdMH4K9omZ4z2UkGkz6N,2024,shoegaze,rock
Kisses (feat. bbyclose),BL3SS,6kbR2eL4hecj3rFwGOsYsI,2024,pop,pop
Uzi The Earthling! (TV Show Theme),Lil Uzi Vert,4O15NlyKLIASxsJ0PrXPfz,2024,melodic rap,hip-hop
Ordinary,Alex Warren,0fTSzq9jAh4c36UVb4V7CB,2025,indie,indie
Messy - Live at the 2025 BRIT Awards,Lola Young,67FB4n52MgexGQIG8s0yUH,2025,indie pop,indie
Busy Woman,Sabrina Carpenter,74KM79TiuVKeVCqs8QtB0B,2025,pop,pop
Nothing Matters - Live at the 2025 BRIT Awards,The Last Dinner Party,5SHgclK1ZpTdfdAmXW7J6s,2025,indie,indie
Abracadabra,Lady Gaga,1HY2Jd0NmPuamShAr6KMms,2025,art pop,pop
Satanized,Ghost,1Qp56T7n950O3EGMsSl81D,2025,metal,metal
Sports car,Tate McRae,45dkTj5sMRSjrmBSBeiHym,2025,pop,pop
CYANIDE (Live Performance),SIENNA SPIRO,02gSuSAWEdWa5UOvqzjX6v,2025,indie,indie
15 Minutes,Sabrina Carpenter,74KM79TiuVKeVCqs8QtB0B,2025,pop,pop
Dream Of My Own - Live From Manchester,Calum Bowie,0BjKESiuU8dT323VIL8SqG,2025,indie,indie
Revolving door,Tate McRae,45dkTj5sMRSjrmBSBeiHym,2025,pop,pop
Hold On - Live From The Ryman,Luke Grimes,7Cezk2wEDBPfYCwEuKum1Y,2025,country,country
Bad Dreams,Teddy Swims,33qOK5uJ8AR2xuQQAhHump,2025,pop,pop
"Nadaaniyan - Title Track [From ""Nadaaniyan""]",Sachin-Jigar,1mBydYMVBECdDmMfE2sEUO,2025,gujarati pop,pop
DtMF,Bad Bunny,4q3ewBCX7sLwd24euuV69X,2025,reggaeton,latino
"The Sound And The Fury - Live On The Ed Sullivan Show, March 1, 1959",The Platters,6KWcxMWVNVIYbdOQyJtsSy,2025,doo-wop,jazz
Siren sounds (bonus),Tate McRae,45dkTj5sMRSjrmBSBeiHym,2025,pop,pop
"Schubert: Erlkönig, Op. 1, D. 328 (Orch. Bersanetti)",Franz Schubert,2p0UyoPfYfI76PCStuXfOP,2025,chamber music,clásica
CRG (feat. Dave),Central Cee,5H4yInM5zmHqpKIoMNAx4r,2025,uk drill,hip-hop
Kabin Party & Belter,Kabin Crew,6BHou7i94KE1FpHgDVWZEK,2025,hip-hop,hip-hop
Revolving door,Tate McRae,45dkTj5sMRSjrmBSBeiHym,2025,pop,pop
PSILOCYBIN & DAISIES - Live,Jessie Reyez,3KedxarmBCyFBevnqQHy3P,2025,indie pop,indie
It's Amazing To Be Young,Fontaines D.C.,3SXwqSqAoBz9WCI9PDQzY6,2025,post-punk,rock
"""BODY BAG""(Official Music Video)",DUSTY LOCANE,22hWz22JAmIhIEp0u1X01L,2025,brooklyn drill,hip-hop
NOKIA,Drake,3TVXtAsR1Inumwj472S9r4,2025,rap,hip-hop
"Oh, Singer - Live On The Ed Sullivan Show, March 7, 1971",Jeannie C. Riley,3MIwMeYV8vmgQFbbRiJTp2,2025,country,country
Purple lace bra,Tate McRae,45dkTj5sMRSjrmBSBeiHym,2025,pop,pop
Willow - Live,Tamino,3IWdvItNhmdo282Wwp0CwH,2025,indie,indie
Miss possessive,Tate McRae,45dkTj5sMRSjrmBSBeiHym,2025,pop,pop
Pop n Olive,Samara Cyn,4nqQTosM2Mbg7iRjvJU0N0,2025,indie,indie
Dear god,Tate McRae,45dkTj5sMRSjrmBSBeiHym,2025,pop,pop
Gaslighter - Live,Moira Dela Torre,0rZRTXEmmPmx6gt92tBqIc,2025,opm,Otros
Sports car,Tate McRae,45dkTj5sMRSjrmBSBeiHym,2025,pop,pop
Ghosts - Live,Moira Dela Torre,0rZRTXEmmPmx6gt92tBqIc,2025,opm,Otros
bloodonmyhands (feat. Flo Milli),Tate McRae,45dkTj5sMRSjrmBSBeiHym,2025,pop,pop
Ancient Light,I'm With Her,3oXddLOOjkoUuC2sX1RMdr,2025,bluegrass,country
I know love (feat. The Kid LAROI),Tate McRae,45dkTj5sMRSjrmBSBeiHym,2025,pop,pop
"Maya, Maya, Maya - Live From Middle Farm Studios / 2023",Maya Delilah,6TWEX2qTj9b0bBsXSVCMKM,2025,indie,indie
Sports car,Tate McRae,45dkTj5sMRSjrmBSBeiHym,2025,pop,pop
Spring Sings - Live,Ellie Holcomb,5hNiAUVPCTgcpy8vljCxzs,2025,christian folk,folk
Signs,Tate McRae,45dkTj5sMRSjrmBSBeiHym,2025,pop,pop
"Tiptoe Through The Tulips - Live On The Ed Sullivan Show, July 26, 1964",Helen Shapiro,05kB8yh0Bbxj73qH63Ob3C,2025,northern soul,blues
Like I do,Tate McRae,45dkTj5sMRSjrmBSBeiHym,2025,pop,pop
reprogram,Kilo Kish,7lsnwlX6puQ7lcpSEpJbZE,2025,alternative r&b,r&b
It's ok I'm ok,Tate McRae,45dkTj5sMRSjrmBSBeiHym,2025,pop,pop
Are U Still - Live,Leven Kali,5YZ5AExR68U3ZblH6HcO6B,2025,R&B,r&b
Greenlight,Tate McRae,45dkTj5sMRSjrmBSBeiHym,2025,pop,pop
Scratch My Brain (Interlude) (Visualizer),Elohim,6wKxOKEA3K6R2UZ3COLXEY,2025,electronic,electrónica
Means I care,Tate McRae,45dkTj5sMRSjrmBSBeiHym,2025,pop,pop
Stay The Same - Live Session,Marti Perramon,5avtmEzkiV6g9YlnadEAAX,2025,pop,pop
